Team1,Team2,Pred
Purdue,St John's,0.5478802733728549
Monmouth NJ,Tennessee Tech,0.4760147690372044
FL Gulf Coast,Washington St,0.16500866730657807
Michigan,UNLV,0.8550621108429676
NC State,Princeton,0.8336351026720636
Miami FL,Oklahoma St,0.4724118688585618
Chattanooga,Virginia Tech,0.01
Connecticut,Vermont,0.995478175735301
St Louis,Tennessee,0.03285590256253885
Cleveland St,Villanova,0.05438211293336793
Iowa St,Toledo,0.9048754678323283
North Carolina,St John's,0.8601876300443602
North Carolina,Purdue,0.8367068666951174
Alabama,Baylor,0.22134853147681807
S Dakota St,USC,0.6358277290085634
James Madison,Ohio St,0.019773536653979178
Hawaii,LSU,0.011832123060236836
Norfolk St,South Carolina,0.01
Indiana,Monmouth NJ,0.99
Indiana,Tennessee Tech,0.99
Notre Dame,Southern Utah,0.9874538654693927
CS Sacramento,UCLA,0.038951725333426224
Holy Cross,Maryland,0.007715599610358323
Oklahoma,Portland,0.9081295074549347
Creighton,Mississippi St,0.8683554069845135
Marquette,South Florida,0.4086839267688836
Sacred Heart,Stanford,0.01
Arizona,West Virginia,0.7615892120530575
Duke,Iona,0.9792635131736741
East Carolina,Texas,0.02961923735245514
Drake,Louisville,0.10529008740337362
Colorado,MTSU,0.8107032327200306
Florida St,Georgia,0.7209789274219909
Gonzaga,Mississippi,0.4247846099966329
Iowa,SE Louisiana,0.9954788885300693
Gardner Webb,Utah,0.0148021704855213
Cleveland St,FL Gulf Coast,0.3271046901164465
Cleveland St,Washington St,0.09156661670734004
FL Gulf Coast,Villanova,0.11147106878090185
Villanova,Washington St,0.6230365170779553
St Louis,Toledo,0.283350446858308
Iowa St,St Louis,0.9579416987286589
Tennessee,Toledo,0.9163346475041143
Iowa St,Tennessee,0.45122335799908636
James Madison,St John's,0.2373067028100539
James Madison,North Carolina,0.0505050723992706
James Madison,Purdue,0.20616935655188806
Ohio St,St John's,0.9354703417904655
North Carolina,Ohio St,0.2874972114011541
Ohio St,Purdue,0.9236676075242655
Baylor,Vermont,0.97184965370877
Alabama,Vermont,0.9110472288838244
Baylor,Connecticut,0.14317194710594353
Alabama,Connecticut,0.04723004657977111
Chattanooga,USC,0.036880029115962484
Chattanooga,S Dakota St,0.02201553337847462
USC,Virginia Tech,0.1016828010815033
S Dakota St,Virginia Tech,0.16145695573479726
Hawaii,Michigan,0.03242105572196586
Hawaii,UNLV,0.15827440876680732
LSU,Michigan,0.7243757226377806
LSU,UNLV,0.936501613955461
Miami FL,Monmouth NJ,0.962795255438423
Miami FL,Tennessee Tech,0.95937865610672
Monmouth NJ,Oklahoma St,0.033615467104360634
Oklahoma St,Tennessee Tech,0.9632849760231206
Indiana,Miami FL,0.9084674622977824
Indiana,Oklahoma St,0.8993382666277545
Marquette,Norfolk St,0.961250109378565
Marquette,South Carolina,0.04236925950875502
South Carolina,South Florida,0.940819124463002
Norfolk St,South Florida,0.027572050033619278
Mississippi St,Southern Utah,0.867149841091085
Mississippi St,Notre Dame,0.08113522214240503
Creighton,Notre Dame,0.3562206865335656
Creighton,Southern Utah,0.9761354247183144
Gardner Webb,Princeton,0.18698929310436502
Princeton,Utah,0.06501656552903722
NC State,Utah,0.24932371429433037
Gardner Webb,NC State,0.045941452094249664
CS Sacramento,Oklahoma,0.05347691141865413
Oklahoma,UCLA,0.4324200556619795
Portland,UCLA,0.07530647326197305
CS Sacramento,Portland,0.34578174306031967
Holy Cross,West Virginia,0.10983808668619603
Maryland,West Virginia,0.9370974536083971
Arizona,Maryland,0.1706787786992526
Arizona,Holy Cross,0.9613121065301101
East Carolina,Louisville,0.04119284713187294
Drake,East Carolina,0.7429680335618268
Louisville,Texas,0.4302645926695163
Drake,Texas,0.0857440022115397
Iona,MTSU,0.13432923718860984
Colorado,Iona,0.9634573851744503
Duke,MTSU,0.8732245631127281
Colorado,Duke,0.3726331176268797
Mississippi,Sacred Heart,0.9811521288485324
Mississippi,Stanford,0.119429881374153
Gonzaga,Stanford,0.09224135545566325
Gonzaga,Sacred Heart,0.9750008791969564
Georgia,SE Louisiana,0.9463124735721652
Florida St,SE Louisiana,0.977720898746505
Georgia,Iowa,0.07859449665010977
Florida St,Iowa,0.17517070355410794
Norfolk St,UCLA,0.01216134606466145
Marquette,UCLA,0.23366518108397757
South Florida,UCLA,0.30207421817105207
Portland,South Carolina,0.012957666245674931
South Carolina,UCLA,0.8665812844395836
CS Sacramento,South Carolina,0.00690228045626008
Oklahoma,South Carolina,0.10620692127639707
Norfolk St,Oklahoma,0.015700536644855777
Marquette,Oklahoma,0.28318682310042115
Oklahoma,South Florida,0.6407034227529534
CS Sacramento,Norfolk St,0.7857244062143235
Norfolk St,Portland,0.12616566378448182
Marquette,Portland,0.7814663190858904
CS Sacramento,Marquette,0.1289602064514207
Portland,South Florida,0.16458220078895253
CS Sacramento,South Florida,0.0944498466666298
St John's,Vermont,0.8786982304893365
Baylor,Purdue,0.7976951433353808
Baylor,St John's,0.8251317724437905
Baylor,James Madison,0.9381382428082139
James Madison,Vermont,0.6926793166773582
Baylor,North Carolina,0.4516825744077361
North Carolina,Vermont,0.976467182743791
Alabama,North Carolina,0.19783771846281933
Purdue,Vermont,0.8965735659056079
Baylor,Ohio St,0.2561955177412338
Ohio St,Vermont,0.9900236133723177
Alabama,Ohio St,0.09348331565296383
Alabama,Purdue,0.5413954308027321
Alabama,St John's,0.5855310738428795
Alabama,James Madison,0.8195062690062651
Connecticut,Purdue,0.9573521926234352
Connecticut,St John's,0.9641102917896696
Connecticut,James Madison,0.9885498911510885
Connecticut,North Carolina,0.8242440143090521
Connecticut,Ohio St,0.6622657165570391
Chattanooga,Toledo,0.08886208901490214
Toledo,USC,0.28348629652877383
St Louis,USC,0.1356956665170875
Iowa St,USC,0.7749522451660192
Iowa St,S Dakota St,0.6706062936334559
Chattanooga,Iowa St,0.011081542021318171
Chattanooga,St Louis,0.19728791542323787
Tennessee,USC,0.8057245440340409
S Dakota St,Tennessee,0.2896870135924565
Chattanooga,Tennessee,0.009218267470991453
S Dakota St,Toledo,0.8104280400820142
S Dakota St,St Louis,0.9150620268661704
Toledo,Virginia Tech,0.045118856905538365
Iowa St,Virginia Tech,0.291406208680878
St Louis,Virginia Tech,0.01840487542927804
Tennessee,Virginia Tech,0.33123865912107264
FL Gulf Coast,Tennessee Tech,0.925227709351181
FL Gulf Coast,Monmouth NJ,0.9312910924961252
FL Gulf Coast,Oklahoma St,0.32189643589070427
Cleveland St,Oklahoma St,0.18765729448997162
Oklahoma St,Washington St,0.30913022175745175
Tennessee Tech,Washington St,0.01687585664646992
Monmouth NJ,Washington St,0.015429079266887885
Miami FL,Washington St,0.2873083813613474
Cleveland St,Tennessee Tech,0.8575828986911999
Cleveland St,Monmouth NJ,0.8683511806533424
Oklahoma St,Villanova,0.21689327927941826
Tennessee Tech,Villanova,0.010513497457435602
Monmouth NJ,Villanova,0.009606838984769014
Miami FL,Villanova,0.1997004671892208
FL Gulf Coast,Miami FL,0.3450733553716115
Cleveland St,Miami FL,0.20407766777176717
FL Gulf Coast,Indiana,0.053088030401033014
Indiana,Washington St,0.7911705638420877
Cleveland St,Indiana,0.026558461048602284
Indiana,Villanova,0.7010537845137068
Iona,SE Louisiana,0.6682032027258437
Iona,Iowa,0.01025187154147212
Iowa,MTSU,0.9378904548041499
Colorado,Iowa,0.20932583267613855
Duke,Iowa,0.30309216550235607
MTSU,SE Louisiana,0.9279305291424789
Colorado,Georgia,0.7458293230606122
Colorado,SE Louisiana,0.9809427389746719
Colorado,Florida St,0.5432743297088385
Duke,Georgia,0.8281921461127029
Duke,SE Louisiana,0.9883120902989728
Duke,Florida St,0.6614828170140097
Georgia,Iona,0.8970165039495391
Georgia,MTSU,0.5767018847102787
Florida St,Iona,0.9555305724629186
Florida St,MTSU,0.7706894107931137
Louisville,Sacred Heart,0.9920470216489211
Louisville,Mississippi,0.7076132394398452
Gonzaga,Louisville,0.2368608319761383
Louisville,Stanford,0.2569095863235685
East Carolina,Stanford,0.015161759592001266
Stanford,Texas,0.6889052588436186
Drake,Stanford,0.04245241403125373
East Carolina,Sacred Heart,0.8474341144174025
Sacred Heart,Texas,0.006100221685918941
Mississippi,Texas,0.24032336836024773
Gonzaga,Texas,0.19200182882931152
Drake,Sacred Heart,0.9411619170698426
East Carolina,Mississippi,0.09728279052655799
Drake,Mississippi,0.23684090210199119
East Carolina,Gonzaga,0.1254678169175099
Drake,Gonzaga,0.29236394853330927
Holy Cross,Southern Utah,0.4558919661427455
Maryland,Notre Dame,0.5777403433459762
Creighton,Maryland,0.29363144783630835
Maryland,Mississippi St,0.9362532089201921
Maryland,Southern Utah,0.9896271329597297
Notre Dame,West Virginia,0.9113530602267975
Arizona,Notre Dame,0.22790954979730138
Holy Cross,Notre Dame,0.011873254507235479
Holy Cross,Mississippi St,0.11424859290864509
Creighton,West Virginia,0.8539546931141663
Arizona,Creighton,0.3416735351361395
Creighton,Holy Cross,0.9793103496375364
Mississippi St,West Virginia,0.48920314295043066
Southern Utah,West Virginia,0.12849161829861988
Arizona,Mississippi St,0.7601150076683394
Arizona,Southern Utah,0.9536677820442734
Michigan,Princeton,0.8539266843810321
Michigan,NC State,0.5546540640530508
Gardner Webb,Michigan,0.03786975164410921
Princeton,UNLV,0.4847591500504264
Hawaii,Princeton,0.16683507798319805
Gardner Webb,UNLV,0.1779581699620808
Gardner Webb,Hawaii,0.5346855423337029
LSU,Princeton,0.9367301368744019
LSU,NC State,0.7592811869184404
Gardner Webb,LSU,0.015303580320937546
Michigan,Utah,0.30083342297593807
UNLV,Utah,0.07255512684625014
Hawaii,Utah,0.014524393241820721
LSU,Utah,0.5214660739597029
NC State,UNLV,0.8153659306671734
Hawaii,NC State,0.04091553699063514
Marquette,Maryland,0.11256820980166651
Maryland,South Florida,0.84829230467428
Maryland,Portland,0.9649870832543122
Maryland,Oklahoma,0.7548411711326856
CS Sacramento,Maryland,0.018865927329606888
Maryland,Norfolk St,0.9947845012962439
Maryland,UCLA,0.704355922705714
South Carolina,West Virginia,0.9721126953288323
Maryland,South Carolina,0.27788339515144517
Mississippi St,South Carolina,0.026783324901636638
Holy Cross,South Carolina,0.0035638583438788512
South Carolina,Southern Utah,0.9957499846480391
Creighton,South Carolina,0.14087161806590748
Arizona,South Carolina,0.07898149515902232
Notre Dame,South Carolina,0.2219510326511108
Portland,West Virginia,0.3273748087567785
CS Sacramento,West Virginia,0.20504818995456892
Norfolk St,West Virginia,0.06570751251784707
Mississippi St,Portland,0.6634162150455675
CS Sacramento,Mississippi St,0.2119001871231245
Mississippi St,Norfolk St,0.931696697255575
Holy Cross,Norfolk St,0.6393479467295979
Norfolk St,Southern Utah,0.3209732247202776
Creighton,Marquette,0.7705974776949287
Creighton,South Florida,0.7043679579088099
Creighton,Portland,0.9215295929388032
Creighton,CS Sacramento,0.9568212144339585
Creighton,Norfolk St,0.9878452625784248
Arizona,Marquette,0.63725986283574
Arizona,South Florida,0.5547763121046547
Arizona,Portland,0.8599790742636076
Arizona,CS Sacramento,0.9205665779877746
Arizona,Norfolk St,0.9770138714497694
Marquette,Notre Dame,0.14611223772933293
Notre Dame,South Florida,0.8056395531374057
Notre Dame,Portland,0.9533384741025864
Notre Dame,Oklahoma,0.6953503608057414
CS Sacramento,Notre Dame,0.02528327013985876
Norfolk St,Notre Dame,0.007022813377750306
Notre Dame,UCLA,0.6384815906017783
Marquette,West Virginia,0.6298428792849355
Marquette,Mississippi St,0.6394712356145583
Holy Cross,Marquette,0.06826928178008154
Marquette,Southern Utah,0.9195919875894871
South Florida,West Virginia,0.7057944710138312
Mississippi St,South Florida,0.2856567755360206
Holy Cross,South Florida,0.049402646479629136
South Florida,Southern Utah,0.9416029824341348
Holy Cross,Portland,0.20392216688697376
Portland,Southern Utah,0.7658798563843917
Oklahoma,West Virginia,0.8133177753884575
Mississippi St,Oklahoma,0.1804589536657203
Holy Cross,Oklahoma,0.027820828006452702
Oklahoma,Southern Utah,0.96697754504586
Creighton,Oklahoma,0.5674652196292558
Arizona,Oklahoma,0.4069277880284043
CS Sacramento,Holy Cross,0.6741476168421081
CS Sacramento,Southern Utah,0.6341905647631444
UCLA,West Virginia,0.8491804511855325
Mississippi St,UCLA,0.14557781229536387
Holy Cross,UCLA,0.021663417914049316
Southern Utah,UCLA,0.025744287353537888
Creighton,UCLA,0.5037607179108388
Arizona,UCLA,0.3467957254761138
FL Gulf Coast,Utah,0.10410299846590682
Oklahoma St,Utah,0.1939462462196304
Cleveland St,Utah,0.05370647705876468
Utah,Villanova,0.536926640495769
Tennessee Tech,Utah,0.009363224191101343
Utah,Washington St,0.6501994579260334
Monmouth NJ,Utah,0.008555946903301996
Miami FL,Utah,0.1784186069671244
FL Gulf Coast,Gardner Webb,0.867334471779217
FL Gulf Coast,Hawaii,0.8825229851027581
FL Gulf Coast,Michigan,0.2099915296013703
Michigan,Oklahoma St,0.6449928249479024
Cleveland St,Michigan,0.11490889482196037
Michigan,Tennessee Tech,0.9788365709604113
Michigan,Monmouth NJ,0.9806413554102689
Miami FL,Michigan,0.3318942010153481
FL Gulf Coast,Princeton,0.6021913127151091
Cleveland St,Princeton,0.4250758416379817
Princeton,Tennessee Tech,0.8903683934928235
Monmouth NJ,Princeton,0.1010613278683195
FL Gulf Coast,NC State,0.24753831934705617
NC State,Oklahoma St,0.5948156546370574
Cleveland St,NC State,0.1384338561246842
NC State,Tennessee Tech,0.9739387340463942
Monmouth NJ,NC State,0.023848978169577678
Miami FL,NC State,0.3807329241028361
FL Gulf Coast,UNLV,0.5878412744330812
Cleveland St,UNLV,0.41059019609841757
Tennessee Tech,UNLV,0.1039519620950637
Monmouth NJ,UNLV,0.09577791945516956
Gardner Webb,Tennessee Tech,0.6528340437061055
Gardner Webb,Monmouth NJ,0.6731567931828693
Hawaii,Tennessee Tech,0.6207120098333208
Hawaii,Monmouth NJ,0.6418836500275726
FL Gulf Coast,LSU,0.09659747284127622
LSU,Oklahoma St,0.8187260868503691
Cleveland St,LSU,0.04963310069317928
LSU,Villanova,0.5575308162697028
LSU,Tennessee Tech,0.9913775760001792
LSU,Washington St,0.6688718504974075
LSU,Monmouth NJ,0.992121491028302
LSU,Miami FL,0.833448794631115
Oklahoma St,Princeton,0.7581345444363593
Oklahoma St,UNLV,0.7470468712511957
Gardner Webb,Oklahoma St,0.06878728410456615
Hawaii,Oklahoma St,0.06040270880332018
Cleveland St,Gardner Webb,0.7615178290372498
Cleveland St,Hawaii,0.7858295338532378
Michigan,Villanova,0.3363746452285095
Princeton,Villanova,0.08172982468819256
NC State,Villanova,0.2905562533175445
UNLV,Villanova,0.08631226779502942
Gardner Webb,Villanova,0.020192156616723203
Hawaii,Villanova,0.01761883609464121
Indiana,LSU,0.6432868013389834
Indiana,Michigan,0.8176188781603276
Indiana,Princeton,0.9623076916270896
Indiana,NC State,0.8472883448601984
Indiana,UNLV,0.9600870316793376
Gardner Webb,Indiana,0.008987719722680629
Hawaii,Indiana,0.007830898175060491
Indiana,Utah,0.6621364494373178
Michigan,Washington St,0.44829743521358234
Princeton,Washington St,0.12486635599152049
NC State,Washington St,0.39633874674564007
UNLV,Washington St,0.1315209795036836
Gardner Webb,Washington St,0.031980615475564085
Hawaii,Washington St,0.027947807415219
Miami FL,Princeton,0.7388403897058318
Miami FL,UNLV,0.7271865095976571
Gardner Webb,Miami FL,0.07565235121775798
Hawaii,Miami FL,0.06649073248034243
Purdue,St Louis,0.7583421836018864
Purdue,Toledo,0.5555621750997334
Chattanooga,Purdue,0.07275668567737803
Iowa St,Purdue,0.8714702447886031
Alabama,Iowa St,0.14755141901960184
Baylor,Iowa St,0.36223131790415336
Iowa St,St John's,0.8901882212093402
Iowa St,James Madison,0.9629097638747689
Iowa St,North Carolina,0.5898587592647982
Iowa St,Vermont,0.9831910339998782
Alabama,St Louis,0.7864565384591978
Alabama,Toledo,0.5946580429965111
Alabama,Chattanooga,0.937331631502616
Connecticut,Iowa St,0.7576507907269696
Connecticut,USC,0.9139995859444504
Connecticut,St Louis,0.9851891865467716
Connecticut,Tennessee,0.7225451368695792
Connecticut,Toledo,0.9636325017266848
Connecticut,S Dakota St,0.8638126036127675
Chattanooga,Connecticut,0.0036880616677394283
Baylor,USC,0.6587980444666158
Baylor,St Louis,0.9235748921236268
Baylor,Toledo,0.827997198136018
Baylor,S Dakota St,0.5353878522034167
Baylor,Chattanooga,0.9800314054048648
St John's,St Louis,0.7241154039306338
St John's,Toledo,0.5111297912673142
Chattanooga,St John's,0.08576698279969508
Chattanooga,James Madison,0.23102890566839338
North Carolina,USC,0.7027136356591136
North Carolina,St Louis,0.9366865982932535
North Carolina,Toledo,0.8549308569941259
North Carolina,S Dakota St,0.5851860175022978
Chattanooga,North Carolina,0.016371037883163176
Iowa St,Ohio St,0.37902131952417717
Ohio St,USC,0.8477858194294975
Ohio St,St Louis,0.9721137083112791
Ohio St,Tennessee,0.5771251918386863
Ohio St,Toledo,0.9328237141438896
Ohio St,S Dakota St,0.7687355946749517
Chattanooga,Ohio St,0.007013913828409511
Chattanooga,Vermont,0.40366302054279424
Purdue,USC,0.33394717545978625
Alabama,USC,0.3704466762617895
St John's,USC,0.2954561787586389
James Madison,USC,0.11578442689020141
USC,Vermont,0.9450729344008002
James Madison,St Louis,0.45042029177687426
St Louis,Vermont,0.733266220514374
Purdue,Virginia Tech,0.05885804305119151
Alabama,Virginia Tech,0.0683777222307097
Connecticut,Virginia Tech,0.5700116482899243
Baylor,Virginia Tech,0.19409207367220208
St John's,Virginia Tech,0.049707720758342316
James Madison,Virginia Tech,0.01607079733186244
North Carolina,Virginia Tech,0.2277032305281146
Ohio St,Virginia Tech,0.40993359217786574
Vermont,Virginia Tech,0.007197234179819754
Purdue,Tennessee,0.10941383231684457
Alabama,Tennessee,0.12601553275506797
Baylor,Tennessee,0.32116700270054493
St John's,Tennessee,0.09318206902034679
James Madison,Tennessee,0.031088743959058432
North Carolina,Tennessee,0.36676906506315865
Tennessee,Vermont,0.9859587107863227
James Madison,Toledo,0.24611994109554824
Toledo,Vermont,0.8734373937922107
Purdue,S Dakota St,0.23031380069214674
Alabama,S Dakota St,0.25990640826821404
S Dakota St,St John's,0.799822284460587
James Madison,S Dakota St,0.07248530214737364
S Dakota St,Vermont,0.966476486663705
Drake,MTSU,0.44754836732649406
East Carolina,MTSU,0.22023378810196037
MTSU,Sacred Heart,0.9515314305674549
Louisville,MTSU,0.8606347168844763
Louisville,SE Louisiana,0.9874895075025517
Colorado,Louisville,0.3890688881980655
Iona,Louisville,0.024877091152338673
Florida St,Louisville,0.34605429141698385
Georgia,Louisville,0.17908804334833905
Sacred Heart,SE Louisiana,0.39433392139564477
Colorado,Drake,0.8291939272636496
Colorado,Mississippi,0.6056200750665468
Colorado,East Carolina,0.9329959904079433
Colorado,Sacred Heart,0.9872135597395602
Colorado,Gonzaga,0.6704528415915856
Iona,Sacred Heart,0.7556751220010508
Iowa,Louisville,0.6982725447708782
Iowa,Texas,0.6402822677297496
Drake,Iowa,0.05364455007674878
Iowa,Mississippi,0.8480323694435026
East Carolina,Iowa,0.01937965490864077
Iowa,Sacred Heart,0.9964484535046814
Gonzaga,Iowa,0.11914549850008901
Drake,Florida St,0.1986546122218723
Florida St,Mississippi,0.5606344311838376
East Carolina,Florida St,0.07955214956652722
Florida St,Sacred Heart,0.9846519570122749
Florida St,Gonzaga,0.628323902092251
Duke,Louisville,0.5090140089236119
Duke,Texas,0.4436316608746705
Drake,Duke,0.11232462889919444
Duke,Mississippi,0.7142724749139974
Duke,East Carolina,0.9577481281198017
Duke,Sacred Heart,0.9921064846495836
Duke,Gonzaga,0.7680836023390313
Drake,Georgia,0.37551833018360326
East Carolina,Georgia,0.17331142786699702
Georgia,Sacred Heart,0.9635678263080815
MTSU,Texas,0.11075348558266665
SE Louisiana,Texas,0.009650061630290727
Colorado,Texas,0.32877657009250594
Iona,Texas,0.019244232695681728
Florida St,Texas,0.28927155656373726
Georgia,Texas,0.14368262606164506
Drake,SE Louisiana,0.9119311155652696
Drake,Iona,0.8371894546514982
Mississippi,MTSU,0.7191816239721085
Mississippi,SE Louisiana,0.9703568339445091
Iona,Mississippi,0.057951502476262975
Georgia,Mississippi,0.3447104521709384
East Carolina,SE Louisiana,0.7830826686906311
East Carolina,Iona,0.6419275136921397
MTSU,Stanford,0.054785307918100365
SE Louisiana,Stanford,0.004514138878736638
Colorado,Stanford,0.18563200728556267
Iona,Stanford,0.00904878801263009
Iowa,Stanford,0.453055438350988
Florida St,Stanford,0.15924626449987697
Duke,Stanford,0.2706438607237017
Georgia,Stanford,0.0724294000979273
Gonzaga,MTSU,0.6590604446880467
Gonzaga,SE Louisiana,0.9611019544674574
Gonzaga,Iona,0.9246418566389675
Georgia,Gonzaga,0.4106989698227669
Louisville,South Carolina,0.14798937854951302
MTSU,South Carolina,0.02815427367161103
South Carolina,Texas,0.8165899841837815
SE Louisiana,South Carolina,0.0022781726932353083
Colorado,South Carolina,0.10079117537808559
Drake,South Carolina,0.022925942674086663
Mississippi,South Carolina,0.0682271909402421
East Carolina,South Carolina,0.00815587057599043
Iona,South Carolina,0.004573779730604551
South Carolina,Stanford,0.6774694701583469
Sacred Heart,South Carolina,0.01
Iowa,South Carolina,0.2841067329780329
Florida St,South Carolina,0.08544058177678618
Duke,South Carolina,0.15313300992560844
Georgia,South Carolina,0.037475422847397376
Gonzaga,South Carolina,0.0525762420870269
Louisville,Maryland,0.30444906018387935
Maryland,MTSU,0.9319629018881017
Maryland,Texas,0.6385681550235811
Maryland,SE Louisiana,0.9942788212653803
Colorado,Maryland,0.22025062250904523
Drake,Maryland,0.0558278695732563
Maryland,Mississippi,0.8442225577252321
East Carolina,Maryland,0.02030110488287642
Iona,Maryland,0.011446338283276458
Maryland,Stanford,0.4546025362325955
Maryland,Sacred Heart,0.9962671739912649
Iowa,Maryland,0.5000192303753161
Florida St,Maryland,0.19056189896815587
Duke,Maryland,0.31303276446814743
Georgia,Maryland,0.0893484651549634
Gonzaga,Maryland,0.1226873585159849
Louisville,West Virginia,0.8509644535093233
MTSU,West Virginia,0.4877889506581484
Texas,West Virginia,0.8807163203745761
SE Louisiana,West Virginia,0.06982005063325422
Colorado,West Virginia,0.7865375481475365
Drake,West Virginia,0.43544991722720067
Mississippi,West Virginia,0.7064901712120514
East Carolina,West Virginia,0.2127908883452295
Iona,West Virginia,0.1312231414897117
Stanford,West Virginia,0.939940300853947
Sacred Heart,West Virginia,0.04659867175852532
Iowa,West Virginia,0.9288041191627386
Florida St,West Virginia,0.7543637224047204
Duke,West Virginia,0.8559938574959561
Georgia,West Virginia,0.5613812619055448
Gonzaga,West Virginia,0.6459220812182642
Louisville,Marquette,0.7719746055675066
Marquette,MTSU,0.6391195466032833
Marquette,Texas,0.1859505707121778
Marquette,SE Louisiana,0.9573910536927287
Colorado,Marquette,0.6860008644361035
Drake,Marquette,0.313815744968892
Marquette,Mississippi,0.4119991024356488
East Carolina,Marquette,0.13813408764843252
Iona,Marquette,0.08219594667261967
Marquette,Stanford,0.09728285925787779
Marquette,Sacred Heart,0.9718363355243356
Iowa,Marquette,0.8855197095156978
Florida St,Marquette,0.6455034376551532
Duke,Marquette,0.7789772813026358
Georgia,Marquette,0.43145404743620924
Gonzaga,Marquette,0.5196076947889079
Louisville,Mississippi St,0.8561316126080034
Mississippi St,MTSU,0.5018785442688951
Mississippi St,Texas,0.11500862665021319
Mississippi St,SE Louisiana,0.9274469202289751
Colorado,Mississippi St,0.7933961089881115
Drake,Mississippi St,0.44563832802254216
Mississippi,Mississippi St,0.7149886903565205
East Carolina,Mississippi St,0.21979793744640658
Iona,Mississippi St,0.13600828588151362
Mississippi St,Stanford,0.057767974424877536
Mississippi St,Sacred Heart,0.9515299093001744
Iowa,Mississippi St,0.9314898000403149
Florida St,Mississippi St,0.7619431518266432
Duke,Mississippi St,0.8610151235430956
Georgia,Mississippi St,0.571533226640547
Gonzaga,Mississippi St,0.6553187270592128
Holy Cross,Louisville,0.021463182964177485
Holy Cross,MTSU,0.11622444504829091
Holy Cross,Texas,0.016679332361214317
Holy Cross,SE Louisiana,0.6252571580988643
Colorado,Holy Cross,0.9671281190103911
Drake,Holy Cross,0.8603120950714614
Holy Cross,Mississippi,0.049456895620194695
East Carolina,Holy Cross,0.6833802408756486
Holy Cross,Iona,0.4532998176382456
Holy Cross,Stanford,0.007938890620491764
Holy Cross,Sacred Heart,0.7192874840895436
Holy Cross,Iowa,0.009508673246999656
Florida St,Holy Cross,0.9608175878270263
Duke,Holy Cross,0.9793655124650403
Georgia,Holy Cross,0.9108699490129823
Gonzaga,Holy Cross,0.9357577619038742
Louisville,Southern Utah,0.9744961719541313
MTSU,Southern Utah,0.8643679223424966
Southern Utah,Texas,0.0198376305229004
SE Louisiana,Southern Utah,0.334355639999369
Colorado,Southern Utah,0.9610252256242241
Drake,Southern Utah,0.837705933103609
Mississippi,Southern Utah,0.9415471885531308
East Carolina,Southern Utah,0.6439895776866255
Iona,Southern Utah,0.5026798366076234
Southern Utah,Stanford,0.009458070228407769
Sacred Heart,Southern Utah,0.2464646453784149
Iowa,Southern Utah,0.9886751839382679
Florida St,Southern Utah,0.953599310941015
Duke,Southern Utah,0.9754769673083797
Georgia,Southern Utah,0.8954514311020236
Gonzaga,Southern Utah,0.9242866952311443
Louisville,South Florida,0.7069188518521751
MTSU,South Florida,0.2868825836660372
South Florida,Texas,0.24277747205363434
SE Louisiana,South Florida,0.030733808077818833
Colorado,South Florida,0.6088451279176582
Drake,South Florida,0.24575753470414322
Mississippi,South Florida,0.5041696544959264
East Carolina,South Florida,0.10248594250085999
Iona,South Florida,0.05997908386938913
South Florida,Stanford,0.13138612904322886
Sacred Heart,South Florida,0.020229368565827213
Iowa,South Florida,0.8464134556411659
Florida St,South Florida,0.5647109190343845
Duke,South Florida,0.715182287383315
Georgia,South Florida,0.3509309943798344
Gonzaga,South Florida,0.4352267219061374
Louisville,Portland,0.9214092146029881
MTSU,Portland,0.661639817798841
Portland,Texas,0.06187915867101225
Portland,SE Louisiana,0.8664574157518552
Colorado,Portland,0.8832572600932671
Drake,Portland,0.6129702811024982
Mississippi,Portland,0.8317194202714066
East Carolina,Portland,0.3569286684588854
Iona,Portland,0.23672436204209335
Portland,Stanford,0.030179690976162556
Portland,Sacred Heart,0.9087941537577671
Iowa,Portland,0.9640123119096953
Florida St,Portland,0.8631244807606757
Duke,Portland,0.9242729168841345
Georgia,Portland,0.7243682200815224
Gonzaga,Portland,0.7892858647832353
Louisville,Oklahoma,0.5729528732036083
MTSU,Oklahoma,0.1828539148202087
Oklahoma,Texas,0.3656429539268301
Oklahoma,SE Louisiana,0.9826682799378784
Colorado,Oklahoma,0.4640379782370386
Drake,Oklahoma,0.1534329516033455
Mississippi,Oklahoma,0.3612649170137423
East Carolina,Oklahoma,0.05972282622111259
Iona,Oklahoma,0.03427498017662098
Oklahoma,Stanford,0.2137948437005095
Oklahoma,Sacred Heart,0.9886457091810424
Iowa,Oklahoma,0.7540233053702524
Florida St,Oklahoma,0.4191524404677258
Duke,Oklahoma,0.5827641296050863
Georgia,Oklahoma,0.23120729294683687
Gonzaga,Oklahoma,0.30003849892505974
Creighton,Louisville,0.4965086518742848
Creighton,MTSU,0.8553351639120932
Creighton,Texas,0.43265887242393786
Creighton,SE Louisiana,0.9868445541515324
Colorado,Creighton,0.39555032833758674
Creighton,Drake,0.8795175272464081
Creighton,Mississippi,0.7005297449863773
Creighton,East Carolina,0.9541919001024044
Creighton,Iona,0.9738754252284896
Creighton,Stanford,0.26458791641191665
Creighton,Sacred Heart,0.9913942678351345
Creighton,Iowa,0.30148360605540864
Creighton,Florida St,0.6470728325615518
Creighton,Duke,0.48645647580635243
Creighton,Georgia,0.8147915196574882
Creighton,Gonzaga,0.7552955571884523
Arizona,Louisville,0.3419225752141867
Arizona,MTSU,0.7569998797739684
Arizona,Texas,0.28663495259843136
Arizona,SE Louisiana,0.9753231688815726
Arizona,Colorado,0.44602803556593135
Arizona,Drake,0.7936545452573422
Arizona,Mississippi,0.5520727701313184
Arizona,East Carolina,0.916493555464386
Arizona,Iona,0.951553430729392
Arizona,Stanford,0.1593556659353035
Arizona,Sacred Heart,0.9837920254801266
Arizona,Iowa,0.1852740592926322
Arizona,Florida St,0.49135698554515744
Arizona,Duke,0.3329306062394611
Arizona,Georgia,0.6986078896120619
Arizona,Gonzaga,0.6192309694666597
CS Sacramento,Louisville,0.04333456990624415
CS Sacramento,MTSU,0.21358267498272324
CS Sacramento,Texas,0.03384449066887884
CS Sacramento,SE Louisiana,0.7750656785885663
Colorado,CS Sacramento,0.9344103041511922
CS Sacramento,Drake,0.25111617091697336
CS Sacramento,Mississippi,0.09702592081362856
CS Sacramento,East Carolina,0.488968406746567
CS Sacramento,Iona,0.6313166820891591
CS Sacramento,Stanford,0.016257740026489526
CS Sacramento,Sacred Heart,0.8410613571973033
CS Sacramento,Iowa,0.019440202423384796
CS Sacramento,Florida St,0.0776767149100445
CS Sacramento,Duke,0.04169740221648802
CS Sacramento,Georgia,0.16810922359126143
CS Sacramento,Gonzaga,0.12417446064296078
Louisville,Norfolk St,0.9877779859253938
MTSU,Norfolk St,0.9309374696567445
Norfolk St,Texas,0.009477943711000828
Norfolk St,SE Louisiana,0.48486041523405726
Colorado,Norfolk St,0.9811869679268225
Drake,Norfolk St,0.9160911194007657
Mississippi,Norfolk St,0.9714860052865015
East Carolina,Norfolk St,0.7927939608631318
Iona,Norfolk St,0.6813204329553211
Norfolk St,Stanford,0.01
Norfolk St,Sacred Heart,0.5910796067832494
Iowa,Norfolk St,0.9946137046348448
Florida St,Norfolk St,0.977512608973034
Duke,Norfolk St,0.9882541618574348
Georgia,Norfolk St,0.9476881921239052
Gonzaga,Norfolk St,0.9627160500830271
Louisville,UCLA,0.5106573744268252
MTSU,UCLA,0.14824868037721617
Texas,UCLA,0.5743646551215618
SE Louisiana,UCLA,0.013532897661356486
Colorado,UCLA,0.4024252432975829
Drake,UCLA,0.12355377448905312
Mississippi,UCLA,0.3055193054796452
East Carolina,UCLA,0.04707771797562346
Iona,UCLA,0.026864003135225134
Stanford,UCLA,0.7409530133384241
Sacred Heart,UCLA,0.008853816233835307
Iowa,UCLA,0.7045195372604941
Florida St,UCLA,0.3595018727611022
Duke,UCLA,0.5207025789981563
Georgia,UCLA,0.18957411621513529
Gonzaga,UCLA,0.25004211707000756
Louisville,Notre Dame,0.3701579112250678
MTSU,Notre Dame,0.08927017336519256
Notre Dame,Texas,0.5681958135944511
Notre Dame,SE Louisiana,0.9923333686023066
Colorado,Notre Dame,0.2749711165399727
Drake,Notre Dame,0.07355138823975686
Mississippi,Notre Dame,0.19855872770905023
East Carolina,Notre Dame,0.02706939702319442
Iona,Notre Dame,0.015308622848854205
Notre Dame,Stanford,0.3830192999323956
Notre Dame,Sacred Heart,0.994994444931198
Iowa,Notre Dame,0.573155665187957
Florida St,Notre Dame,0.24017830667532922
Duke,Notre Dame,0.3795832001187623
Georgia,Notre Dame,0.11640171949061125
Gonzaga,Notre Dame,0.15808275475026742
FL Gulf Coast,Iowa St,0.14904943680314306
FL Gulf Coast,Purdue,0.5374575684276894
Alabama,FL Gulf Coast,0.5021712712887301
Connecticut,FL Gulf Coast,0.9455142634712254
FL Gulf Coast,USC,0.3689842814909819
Baylor,FL Gulf Coast,0.7652190560778681
FL Gulf Coast,St Louis,0.7837231096692587
FL Gulf Coast,Virginia Tech,0.07026792041332755
FL Gulf Coast,St John's,0.5811500207883004
FL Gulf Coast,James Madison,0.8155683327144904
FL Gulf Coast,North Carolina,0.20099152867735653
FL Gulf Coast,Tennessee,0.12773060636837094
FL Gulf Coast,Ohio St,0.09803971542102771
FL Gulf Coast,Toledo,0.5915155132960365
FL Gulf Coast,S Dakota St,0.2598963793350592
FL Gulf Coast,Vermont,0.9086743187450305
Chattanooga,FL Gulf Coast,0.06372940766243469
Iowa St,Oklahoma St,0.735651284503592
Oklahoma St,Purdue,0.7044752117124045
Alabama,Oklahoma St,0.32962010421855065
Connecticut,Oklahoma St,0.8942777571929693
Oklahoma St,USC,0.5453778396177008
Baylor,Oklahoma St,0.6137067249946809
Oklahoma St,St Louis,0.8814345062448992
Oklahoma St,Virginia Tech,0.13423840915006985
Oklahoma St,St John's,0.7400224095099665
James Madison,Oklahoma St,0.09928493730518226
North Carolina,Oklahoma St,0.6596017254387563
Oklahoma St,Tennessee,0.23101550141585123
Ohio St,Oklahoma St,0.8176652775797616
Oklahoma St,Toledo,0.7481599975994971
Oklahoma St,S Dakota St,0.41874722236151113
Oklahoma St,Vermont,0.9532981362034649
Chattanooga,Oklahoma St,0.03211322036978305
Cleveland St,Iowa St,0.07920553071908713
Cleveland St,Purdue,0.36331536766070405
Alabama,Cleveland St,0.6725629453946589
Cleveland St,Connecticut,0.02752084961620638
Cleveland St,USC,0.22310001453140907
Baylor,Cleveland St,0.8690544216285203
Cleveland St,St Louis,0.640234380317048
Cleveland St,Virginia Tech,0.03578809415633908
Cleveland St,St John's,0.4052544307081329
Cleveland St,James Madison,0.6847076064758865
Cleveland St,North Carolina,0.10995278002403304
Cleveland St,Tennessee,0.06708900462604558
Cleveland St,Ohio St,0.05067528629325376
Cleveland St,Toledo,0.4155955465996062
Cleveland St,S Dakota St,0.14708842735206448
Cleveland St,Vermont,0.8301146439222304
Chattanooga,Cleveland St,0.12173052400444376
Iowa St,Utah,0.40570970428250386
Purdue,Utah,0.0933062596154693
Alabama,Utah,0.10763581561174158
Connecticut,Utah,0.6748017625787875
USC,Utah,0.16977407370683692
Baylor,Utah,0.28043663293398885
St Louis,Utah,0.031944100678252874
Utah,Virginia Tech,0.3872764511782628
St John's,Utah,0.07934337832319037
James Madison,Utah,0.02632875060495686
North Carolina,Utah,0.32219619111671094
Tennessee,Utah,0.4495148449288476
Ohio St,Utah,0.5238298866493294
Toledo,Utah,0.07627705657235227
S Dakota St,Utah,0.2540175296902404
Utah,Vermont,0.9881248459397349
Chattanooga,Utah,0.008073479882324725
Iowa St,Villanova,0.4433964997589619
Purdue,Villanova,0.10720862340734205
Alabama,Villanova,0.1233827030669355
Connecticut,Villanova,0.7077177257732938
USC,Villanova,0.19264909914371317
Baylor,Villanova,0.31260782899628053
St Louis,Villanova,0.03707755683119131
Villanova,Virginia Tech,0.35134864217855233
St John's,Villanova,0.09137497496540599
James Madison,Villanova,0.03058832666614372
North Carolina,Villanova,0.3567826450935364
Tennessee,Villanova,0.48792988998182985
Ohio St,Villanova,0.5621108079258929
Toledo,Villanova,0.08788806515684086
S Dakota St,Villanova,0.284355659897387
Vermont,Villanova,0.013829579497599557
Chattanooga,Villanova,0.009408179042154364
Iowa St,Michigan,0.6058432598586767
Michigan,Purdue,0.8118864701841663
Alabama,Michigan,0.21357350589929003
Connecticut,Michigan,0.8236952643368878
Michigan,USC,0.6847367832760735
Baylor,Michigan,0.46737289854644815
Michigan,St Louis,0.930842245860745
Michigan,Virginia Tech,0.21919259392881624
Michigan,St John's,0.8374940385971907
James Madison,Michigan,0.05738854120700292
Michigan,North Carolina,0.48303015742517164
Michigan,Tennessee,0.35229383226923444
Michigan,Ohio St,0.2876152494904975
Michigan,Toledo,0.8432270011743745
Michigan,S Dakota St,0.5660360103667402
Michigan,Vermont,0.9736544746555719
Chattanooga,Michigan,0.017995719392768863
Iowa St,Princeton,0.8957655091895844
Princeton,Purdue,0.4356468968646605
Alabama,Princeton,0.602919518935882
Connecticut,Princeton,0.963128559418
Princeton,USC,0.2797833886125277
Baylor,Princeton,0.8306820513825725
Princeton,St Louis,0.7065188972263156
Princeton,Virginia Tech,0.04780950321285226
Princeton,St John's,0.47964538706449683
James Madison,Princeton,0.2539516367076779
North Carolina,Princeton,0.8568130196829089
Princeton,Tennessee,0.08865779516617335
Ohio St,Princeton,0.9326519055100402
Princeton,Toledo,0.4903198036578587
Princeton,S Dakota St,0.18916164709667282
Princeton,Vermont,0.8685952635145414
Chattanooga,Princeton,0.09293626204406119
Iowa St,Tennessee Tech,0.9858070951096168
Purdue,Tennessee Tech,0.9128173925246319
Alabama,Tennessee Tech,0.9246539219017368
Connecticut,Tennessee Tech,0.9952857147661484
Tennessee Tech,USC,0.045859907757912564
Baylor,Tennessee Tech,0.9754012124085021
St Louis,Tennessee Tech,0.7705016965579071
Tennessee Tech,Virginia Tech,0.01
St John's,Tennessee Tech,0.8976283583712377
James Madison,Tennessee Tech,0.733418473462011
North Carolina,Tennessee Tech,0.9797422343409649
Tennessee,Tennessee Tech,0.9881067229008109
Ohio St,Tennessee Tech,0.9911446645362954
Tennessee Tech,Toledo,0.10636616886133914
S Dakota St,Tennessee Tech,0.9719454733439639
Tennessee Tech,Vermont,0.4498967682264201
Chattanooga,Tennessee Tech,0.4529853251991074
Iowa St,NC State,0.6546729046519105
NC State,Purdue,0.7777399035063968
Alabama,NC State,0.25091331417076823
Connecticut,NC State,0.8521239641500783
NC State,USC,0.6378063292416074
Baylor,NC State,0.5197589248688361
NC State,St Louis,0.9160560800618368
NC State,Virginia Tech,0.1854049520426808
NC State,St John's,0.806890168491957
James Madison,NC State,0.06984722320960293
NC State,North Carolina,0.4310235165085842
NC State,Tennessee,0.3060306423057687
NC State,Ohio St,0.24661174316675263
NC State,Toledo,0.8134623133481113
NC State,S Dakota St,0.5139776422792449
NC State,Vermont,0.9677041304801525
Chattanooga,NC State,0.02210300546720315
Indiana,Iowa St,0.7372951611087348
Indiana,Purdue,0.949027170650298
Alabama,Indiana,0.0592256805913956
Connecticut,Indiana,0.5199286477460959
Indiana,USC,0.9035630488128452
Baylor,Indiana,0.16902908920238185
Indiana,St Louis,0.983068940473794
Indiana,Virginia Tech,0.5477173593559649
Indiana,St John's,0.9569557832191004
Indiana,James Madison,0.9860831364963203
Indiana,North Carolina,0.8012180109203769
Indiana,Tennessee,0.7011663864904598
Indiana,Ohio St,0.6352566988338589
Indiana,Toledo,0.9586822363588402
Indiana,S Dakota St,0.8490956929350753
Indiana,Vermont,0.9937666461547718
Chattanooga,Indiana,0.01
Iowa St,Washington St,0.5582623790801904
Purdue,Washington St,0.16002063731026975
Alabama,Washington St,0.1825332507818117
Connecticut,Washington St,0.793446557308595
USC,Washington St,0.27460427179572355
Baylor,Washington St,0.4191037174095299
St Louis,Washington St,0.05757003997353354
Virginia Tech,Washington St,0.7454741530041525
St John's,Washington St,0.13758921778279848
James Madison,Washington St,0.04767182254574227
North Carolina,Washington St,0.46807991334985044
Tennessee,Washington St,0.6018577792003938
Ohio St,Washington St,0.6706739518496204
Toledo,Washington St,0.132596108486459
S Dakota St,Washington St,0.3866405193609303
Vermont,Washington St,0.021763488893065678
Chattanooga,Washington St,0.01484374893333696
Iowa St,Monmouth NJ,0.9870241246399184
Monmouth NJ,Purdue,0.08021605788265115
Alabama,Monmouth NJ,0.9307464013536679
Connecticut,Monmouth NJ,0.9956935113548893
Monmouth NJ,USC,0.04204326838328395
Baylor,Monmouth NJ,0.9774901629320635
Monmouth NJ,St Louis,0.2138235187922798
Monmouth NJ,Virginia Tech,0.01
Monmouth NJ,St John's,0.0943167807327043
James Madison,Monmouth NJ,0.7508069031484326
Monmouth NJ,North Carolina,0.018530455104101028
Monmouth NJ,Tennessee,0.010871264116834123
Monmouth NJ,Ohio St,0.008092240896669375
Monmouth NJ,Toledo,0.09803133353583808
Monmouth NJ,S Dakota St,0.025679837925494973
Monmouth NJ,Vermont,0.4275211857925657
Chattanooga,Monmouth NJ,0.4755864747213852
Iowa St,Miami FL,0.754812085278818
Miami FL,Purdue,0.6830325873868635
Alabama,Miami FL,0.3522994516795703
Connecticut,Miami FL,0.9034498411080969
Miami FL,USC,0.5202527519820463
Baylor,Miami FL,0.6373491581543212
Miami FL,St Louis,0.8704708566346013
Miami FL,Virginia Tech,0.12293244911005319
Miami FL,St John's,0.7201343665698954
James Madison,Miami FL,0.10868556608172364
Miami FL,North Carolina,0.3181087888128098
Miami FL,Tennessee,0.21356936963249837
Miami FL,Ohio St,0.16776289357476673
Miami FL,Toledo,0.7286662225289237
Miami FL,S Dakota St,0.3943949768310071
Miami FL,Vermont,0.9485920886767629
Chattanooga,Miami FL,0.03540379697160255
Iowa St,UNLV,0.890104291735096
Purdue,UNLV,0.5497397703545954
Alabama,UNLV,0.588656932316804
Connecticut,UNLV,0.960966558503531
UNLV,USC,0.29187240420757815
Baylor,UNLV,0.8221876759180148
St Louis,UNLV,0.2813519302299023
UNLV,Virginia Tech,0.0505791887992134
St John's,UNLV,0.5055584488958704
James Madison,UNLV,0.24289451274781215
North Carolina,UNLV,0.8493919050386122
Tennessee,UNLV,0.9064386298021563
Ohio St,UNLV,0.9288349127475679
Toledo,UNLV,0.49487439522783505
S Dakota St,UNLV,0.801586241908745
UNLV,Vermont,0.875209163820888
Chattanooga,UNLV,0.08806226618947051
Gardner Webb,Iowa St,0.026349770321704494
Gardner Webb,Purdue,0.1522057099506194
Alabama,Gardner Webb,0.867174238759253
Connecticut,Gardner Webb,0.9911750358354987
Gardner Webb,USC,0.08286109339329464
Baylor,Gardner Webb,0.954740448691169
Gardner Webb,St Louis,0.35892792594014433
Gardner Webb,Virginia Tech,0.01154263809199022
Gardner Webb,St John's,0.17653230096778819
Gardner Webb,James Madison,0.40590733899272086
Gardner Webb,North Carolina,0.03741231022456644
Gardner Webb,Tennessee,0.0221246143027835
Gardner Webb,Ohio St,0.0165169315377747
Gardner Webb,Toledo,0.18283116298752367
Gardner Webb,S Dakota St,0.05146465582288946
Gardner Webb,Vermont,0.6058827738803902
Chattanooga,Gardner Webb,0.305818464224915
Hawaii,Iowa St,0.02301437335415403
Hawaii,Purdue,0.13515062278825393
Alabama,Hawaii,0.8823590778012522
Connecticut,Hawaii,0.9923096355765351
Hawaii,USC,0.07290804783626062
Baylor,Hawaii,0.9603720549073751
Hawaii,St Louis,0.3276615368896938
Hawaii,Virginia Tech,0.010062182053494757
Hawaii,St John's,0.15725696870463907
Hawaii,James Madison,0.37292921132930745
Hawaii,North Carolina,0.03272366241423327
Hawaii,Tennessee,0.019313435593982145
Hawaii,Ohio St,0.01440777332045489
Hawaii,Toledo,0.16300420814671826
Hawaii,S Dakota St,0.04509742405219503
Hawaii,Vermont,0.5723089096971016
Chattanooga,Hawaii,0.33604229592470564
Iowa St,LSU,0.386242971005555
LSU,Purdue,0.9133561625324895
Alabama,LSU,0.10006312775271088
Connecticut,LSU,0.6566907418611383
LSU,USC,0.8413933149342918
Baylor,LSU,0.2643074523393619
LSU,St Louis,0.970479484169171
LSU,Virginia Tech,0.40676075158034597
LSU,St John's,0.9264029684388577
James Madison,LSU,0.024320496626039263
LSU,North Carolina,0.6953177928870558
LSU,Tennessee,0.5705348333021405
LSU,Ohio St,0.4965027224357646
LSU,Toledo,0.9292642779958775
LSU,S Dakota St,0.7610966543015372
LSU,Vermont,0.9890430424725704
Chattanooga,LSU,0.007447016529799515
Connecticut,South Carolina,0.3394198273226261
Princeton,South Carolina,0.020300656001568742
South Carolina,Virginia Tech,0.7174662639989028
NC State,South Carolina,0.08474405893731092
Ohio St,South Carolina,0.21627689975249856
S Dakota St,South Carolina,0.08039321153500953
South Carolina,Vermont,0.9968613321991067
Gardner Webb,South Carolina,0.004815495274931352
Chattanooga,South Carolina,0.01
Iowa St,South Carolina,0.14749833225199757
South Carolina,Tennessee Tech,0.99
Indiana,South Carolina,0.3227462277150278
South Carolina,St John's,0.9780424289699854
James Madison,South Carolina,0.007025967879861905
North Carolina,South Carolina,0.1082084633046215
South Carolina,UNLV,0.978493687748066
Hawaii,South Carolina,0.004194906502162535
LSU,South Carolina,0.21452146889083448
Alabama,South Carolina,0.03039462519884876
Michigan,South Carolina,0.10218761207576324
Baylor,South Carolina,0.09077259909865884
South Carolina,St Louis,0.9914433811807827
South Carolina,Tennessee,0.8290704870558354
South Carolina,Washington St,0.8787711636985142
Monmouth NJ,South Carolina,0.01
South Carolina,Toledo,0.9789364409621857
FL Gulf Coast,South Carolina,0.03017572425787315
Oklahoma St,South Carolina,0.05962408289003444
Purdue,South Carolina,0.026078388839002157
Cleveland St,South Carolina,0.01510634907188226
South Carolina,Villanova,0.8217941518778916
South Carolina,USC,0.9497843509240838
Miami FL,South Carolina,0.054268805664470426
South Carolina,Utah,0.7985921126476433
Connecticut,Maryland,0.5608826284893489
Maryland,Princeton,0.9510127251810409
Maryland,Virginia Tech,0.5053253759654309
Maryland,NC State,0.8128965896627383
Maryland,Ohio St,0.5931181046964453
Maryland,S Dakota St,0.8214776284648252
Maryland,Vermont,0.9922338754898687
Gardner Webb,Maryland,0.011885685751753961
Chattanooga,Maryland,0.005273274184073699
Iowa St,Maryland,0.30074922948736776
Maryland,Tennessee Tech,0.993638343552633
Indiana,Maryland,0.5422604200447526
Maryland,St John's,0.9471407703605191
James Madison,Maryland,0.01728524121964541
Maryland,North Carolina,0.7682662312620522
Maryland,UNLV,0.9481934618800764
Hawaii,Maryland,0.010363426611104403
LSU,Maryland,0.40437763981958563
Alabama,Maryland,0.07229239180076504
Maryland,Michigan,0.7794604681207848
Baylor,Maryland,0.1988317308441607
Maryland,St Louis,0.9789963374625786
Maryland,Tennessee,0.6611511301873175
Maryland,Washington St,0.7446385428374943
Maryland,Monmouth NJ,0.9941875436560582
Maryland,Toledo,0.9492276421047005
FL Gulf Coast,Maryland,0.07179408741515333
Maryland,Oklahoma St,0.8638444203877806
Maryland,Purdue,0.9375906420151559
Cleveland St,Maryland,0.03672812482043902
Maryland,Villanova,0.6497464644435753
Maryland,USC,0.8838374427496485
Maryland,Miami FL,0.8751610197387663
Maryland,Utah,0.6146479944679047
Connecticut,West Virginia,0.9411054236841015
Princeton,West Virginia,0.391882602490163
Virginia Tech,West Virginia,0.9245096689781027
NC State,West Virginia,0.7422352303808671
Ohio St,West Virginia,0.8956398659909998
S Dakota St,West Virginia,0.7310920910284844
Vermont,West Virginia,0.08918504862082433
Gardner Webb,West Virginia,0.13080016489148805
Chattanooga,West Virginia,0.06219570395954675
Iowa St,West Virginia,0.843278720594972
Tennessee Tech,West Virginia,0.07415678944673397
Indiana,West Virginia,0.9367906254023242
St John's,West Virginia,0.41114012505375475
James Madison,West Virginia,0.18036084668606678
North Carolina,West Virginia,0.7905119493500484
UNLV,West Virginia,0.40601090092152653
Hawaii,West Virginia,0.11583329237653929
LSU,West Virginia,0.894664998934136
Alabama,West Virginia,0.49364122373092023
Michigan,West Virginia,0.7797201389631857
Baylor,West Virginia,0.7563827400806918
St Louis,West Virginia,0.21160634603844877
Tennessee,West Virginia,0.8650791832641221
Washington St,West Virginia,0.8109726067379759
Monmouth NJ,West Virginia,0.06815630838269104
Toledo,West Virginia,0.40089547768429296
FL Gulf Coast,West Virginia,0.4917781823099108
Oklahoma St,West Virginia,0.6635080483089046
Purdue,West Virginia,0.4543680852681268
Cleveland St,West Virginia,0.3229534901607979
Villanova,West Virginia,0.8708658639414044
USC,West Virginia,0.6218195898576374
Miami FL,West Virginia,0.6408782637776065
Utah,West Virginia,0.8869209489995643
Connecticut,Marquette,0.9049462012430932
Marquette,Princeton,0.7225767534457356
Marquette,Virginia Tech,0.12053376771505336
Marquette,NC State,0.3682468828355204
Marquette,Ohio St,0.1635816091848895
Marquette,S Dakota St,0.3817099269777041
Marquette,Vermont,0.9448776423997861
Gardner Webb,Marquette,0.08227910956720148
Chattanooga,Marquette,0.038010940193251914
Iowa St,Marquette,0.762231878730735
Marquette,Tennessee Tech,0.9544531449032699
Indiana,Marquette,0.8982686324414149
Marquette,St John's,0.7062266898700664
James Madison,Marquette,0.11590656706372768
Marquette,North Carolina,0.30786058434801394
Marquette,UNLV,0.7106112675080856
Hawaii,Marquette,0.07240181321898558
LSU,Marquette,0.8349922341632
Alabama,Marquette,0.3674178869933862
Marquette,Michigan,0.32165804197871845
Baylor,Marquette,0.6490977049951794
Marquette,St Louis,0.8621357858859234
Marquette,Tennessee,0.20746742350218925
Marquette,Washington St,0.2812097754955895
Marquette,Monmouth NJ,0.9582430308955686
Marquette,Toledo,0.7149624382315029
FL Gulf Coast,Marquette,0.36568718790852156
Marquette,Oklahoma St,0.45981360601845167
Marquette,Purdue,0.6683896487657106
Cleveland St,Marquette,0.2213002176308565
Marquette,Villanova,0.19928604282113369
Marquette,USC,0.5051485822102357
Marquette,Miami FL,0.4846787001234768
Marquette,Utah,0.1762744840063028
Connecticut,Drake,0.9537665474378241
Drake,Princeton,0.545869786070382
Drake,Virginia Tech,0.05948697712870096
Drake,NC State,0.21198060080580003
Drake,Ohio St,0.08278463670959345
Drake,S Dakota St,0.22173577664241498
Drake,Vermont,0.8877754624203464
Drake,Gardner Webb,0.8373298036474909
Chattanooga,Drake,0.0788666612889357
Drake,Iowa St,0.12584158623195957
Drake,Tennessee Tech,0.9062865761270483
Drake,Indiana,0.049669614327782365
Drake,St John's,0.5259379469427593
Drake,James Madison,0.7787670055532427
Drake,North Carolina,0.17031121626817752
Drake,UNLV,0.5312272552265277
Drake,Hawaii,0.8553364815741905
Drake,LSU,0.08357676615599977
Alabama,Drake,0.557241112857342
Drake,Michigan,0.17954320499944723
Baylor,Drake,0.8003300229605416
Drake,St Louis,0.7426639210078315
Drake,Tennessee,0.10778754855265493
Drake,Washington St,0.1529366780595762
Drake,Monmouth NJ,0.9137220386048801
Drake,Toledo,0.5365164145193329
Drake,FL Gulf Coast,0.4445986807514652
Drake,Oklahoma St,0.2820377823612675
Drake,Purdue,0.4819148476206099
Cleveland St,Drake,0.3811140106505772
Drake,Villanova,0.1030260052809868
Drake,USC,0.32023592573959064
Drake,Miami FL,0.3026759959159747
Drake,Utah,0.08988189325232099
Connecticut,Holy Cross,0.9921671481910194
Holy Cross,Princeton,0.16371352495823951
Holy Cross,Virginia Tech,0.010195937062105117
Holy Cross,NC State,0.04197186802183042
Holy Cross,Ohio St,0.014486446105362325
Holy Cross,S Dakota St,0.044343634748738356
Holy Cross,Vermont,0.563005201364082
Gardner Webb,Holy Cross,0.5439751860511952
Chattanooga,Holy Cross,0.3445694701477863
Holy Cross,Iowa St,0.022908162435482975
Holy Cross,Tennessee Tech,0.6116526789528289
Holy Cross,Indiana,0.008440261132357848
Holy Cross,St John's,0.15303345894349943
Holy Cross,James Madison,0.3643914631285404
Holy Cross,North Carolina,0.03234948637239049
Holy Cross,UNLV,0.15580506280825615
Hawaii,Holy Cross,0.5094401683013506
Holy Cross,LSU,0.014635488250076623
Alabama,Holy Cross,0.8854233935242912
Holy Cross,Michigan,0.03441322644373216
Baylor,Holy Cross,0.9609548177623535
Holy Cross,St Louis,0.31973521093155216
Holy Cross,Tennessee,0.019295642606501556
Holy Cross,Washington St,0.028564752125475906
Holy Cross,Monmouth NJ,0.6329986124758653
Holy Cross,Toledo,0.15862114353196957
FL Gulf Coast,Holy Cross,0.8846650434497437
Holy Cross,Oklahoma St,0.060130404854429345
Holy Cross,Purdue,0.13156156303009242
Cleveland St,Holy Cross,0.7908451199648127
Holy Cross,Villanova,0.018362797485747134
Holy Cross,USC,0.07125710507640821
Holy Cross,Miami FL,0.06602372680364528
Holy Cross,Utah,0.015829443669221184
Connecticut,Southern Utah,0.9906701289300408
Princeton,Southern Utah,0.8106821358217153
Southern Utah,Virginia Tech,0.012139064872019191
NC State,Southern Utah,0.950333062468266
Ohio St,Southern Utah,0.9827669829444586
S Dakota St,Southern Utah,0.9475502652762878
Southern Utah,Vermont,0.6058192438058505
Gardner Webb,Southern Utah,0.49998797341209933
Chattanooga,Southern Utah,0.30589080330024415
Iowa St,Southern Utah,0.9727926248538177
Southern Utah,Tennessee Tech,0.6526411450837786
Indiana,Southern Utah,0.9899478073341673
Southern Utah,St John's,0.17732163382199892
James Madison,Southern Utah,0.5938609504244959
North Carolina,Southern Utah,0.9616489782037523
Southern Utah,UNLV,0.18043940911788742
Hawaii,Southern Utah,0.4653955713400727
LSU,Southern Utah,0.982590182212877
Alabama,Southern Utah,0.8662750948169224
Michigan,Southern Utah,0.9592185052806772
Baylor,Southern Utah,0.9537704307666977
Southern Utah,St Louis,0.3592583843109774
Southern Utah,Tennessee,0.022932799963719584
Southern Utah,Washington St,0.03388872726821804
Monmouth NJ,Southern Utah,0.3270611922875048
Southern Utah,Toledo,0.18360390296769943
FL Gulf Coast,Southern Utah,0.8654092725423815
Oklahoma St,Southern Utah,0.9290917695762175
Purdue,Southern Utah,0.846942259567461
Cleveland St,Southern Utah,0.7601719777635
Southern Utah,Villanova,0.02182803069521849
Southern Utah,USC,0.08385136131146448
Miami FL,Southern Utah,0.9222295301407553
Southern Utah,Utah,0.0188257774557503
Connecticut,South Florida,0.8719823526287096
Princeton,South Florida,0.2154957601281914
South Florida,Virginia Tech,0.16076409146391746
NC State,South Florida,0.5510499167196403
Ohio St,South Florida,0.7853272189936746
S Dakota St,South Florida,0.5367996754380931
South Florida,Vermont,0.9599338078840433
Gardner Webb,South Florida,0.06027853421828906
Chattanooga,South Florida,0.02749260926783591
Iowa St,South Florida,0.6963810412277198
South Florida,Tennessee Tech,0.9669852361001258
Indiana,South Florida,0.8633387708433501
South Florida,St John's,0.7706454340781268
James Madison,South Florida,0.08575456519364247
North Carolina,South Florida,0.6166395462695046
South Florida,UNLV,0.7743757228916929
Hawaii,South Florida,0.052890112716552945
LSU,South Florida,0.7835708911115736
Alabama,South Florida,0.2935630374553473
Michigan,South Florida,0.6014070142923832
Baylor,South Florida,0.5696060499003451
South Florida,St Louis,0.8973365604722816
South Florida,Tennessee,0.26787557507372556
South Florida,Washington St,0.3535119939864849
Monmouth NJ,South Florida,0.03023462207189847
South Florida,Toledo,0.7780675761064997
FL Gulf Coast,South Florida,0.29201963078199855
Oklahoma St,South Florida,0.45667433999853424
Purdue,South Florida,0.2619723992210921
Cleveland St,South Florida,0.16897111744432564
South Florida,Villanova,0.25808777859695275
South Florida,USC,0.5879328591983015
Miami FL,South Florida,0.43204142535264195
South Florida,Utah,0.23023874536526828
Connecticut,Iona,0.9905656578068648
Iona,Princeton,0.1910490796475611
Iona,Virginia Tech,0.01227460216512164
Iona,NC State,0.050200194835789025
Iona,Ohio St,0.017424427060929264
Iona,S Dakota St,0.053011203347020315
Iona,Vermont,0.6085003363946433
Gardner Webb,Iona,0.49717782308261665
Chattanooga,Iona,0.30350937634329245
Iona,Iowa St,0.027506471224960753
Iona,Tennessee Tech,0.6551850326538541
Indiana,Iona,0.9898353310113112
Iona,St John's,0.17896736727612902
Iona,James Madison,0.4088530353472783
Iona,North Carolina,0.038767740152683736
Iona,UNLV,0.18210767352560248
Hawaii,Iona,0.4625999682929107
Iona,LSU,0.017603156373380613
Alabama,Iona,0.8649675713908374
Iona,Michigan,0.04122349025110698
Baylor,Iona,0.9532722646805636
Iona,St Louis,0.36184997884184505
Iona,Tennessee,0.02318602480151578
Iona,Washington St,0.0342586861207415
Iona,Monmouth NJ,0.6754079764637596
Iona,Toledo,0.18529481006217438
FL Gulf Coast,Iona,0.8640946115055907
Iona,Oklahoma St,0.07165235327686166
Iona,Purdue,0.15452057661737242
Cleveland St,Iona,0.7581166866888183
Iona,Villanova,0.022069332169868557
Iona,USC,0.08471892617392145
Iona,Miami FL,0.07858051546208307
Iona,Utah,0.0190345358716749
Connecticut,Stanford,0.5132164628332447
Princeton,Stanford,0.04078371841526889
Stanford,Virginia Tech,0.5530913749261736
NC State,Stanford,0.159653400987273
Ohio St,Stanford,0.3615282276108489
S Dakota St,Stanford,0.15209573988770325
Stanford,Vermont,0.9935810069440617
Gardner Webb,Stanford,0.009831045008726827
Chattanooga,Stanford,0.01
Iowa St,Stanford,0.2619999848854364
Stanford,Tennessee Tech,0.99
Indiana,Stanford,0.4943950318604864
St John's,Stanford,0.04403728906174558
James Madison,Stanford,0.014310714827067451
North Carolina,Stanford,0.19934168476889974
Stanford,UNLV,0.9568477180075226
Hawaii,Stanford,0.00856965175725338
LSU,Stanford,0.35913409250249667
Alabama,Stanford,0.06043409851869946
Michigan,Stanford,0.18932658853166903
Baylor,Stanford,0.1700209403168704
St Louis,Stanford,0.01740058273918893
Stanford,Tennessee,0.7027222875615168
Stanford,Washington St,0.7793849336850647
Monmouth NJ,Stanford,0.01
Stanford,Toledo,0.9577168428675015
FL Gulf Coast,Stanford,0.06001224465622303
Oklahoma St,Stanford,0.11512160321550706
Purdue,Stanford,0.052081192171258145
Cleveland St,Stanford,0.03051165694419782
Stanford,Villanova,0.692065117284502
Stanford,USC,0.9021327178594583
Miami FL,Stanford,0.10534006058891683
Stanford,Utah,0.6589816225213341
Connecticut,Sacred Heart,0.9969272963171624
Princeton,Sacred Heart,0.9289986364355237
Sacred Heart,Virginia Tech,0.01
NC State,Sacred Heart,0.9831834568739479
Ohio St,Sacred Heart,0.9942939421115282
S Dakota St,Sacred Heart,0.9822067785053155
Sacred Heart,Vermont,0.33465902223751376
Gardner Webb,Sacred Heart,0.7534153765218556
Chattanooga,Sacred Heart,0.5738455564174161
Iowa St,Sacred Heart,0.990929737486359
Sacred Heart,Tennessee Tech,0.3807678064327006
Indiana,Sacred Heart,0.99
Sacred Heart,St John's,0.06589294511223856
James Madison,Sacred Heart,0.8171130403446513
North Carolina,Sacred Heart,0.9871163379438737
Sacred Heart,UNLV,0.0672115785551282
Hawaii,Sacred Heart,0.7267747848441101
LSU,Sacred Heart,0.9942347075180195
Alabama,Sacred Heart,0.9519091354966651
Michigan,Sacred Heart,0.9862768113729288
Baylor,Sacred Heart,0.9843846598337813
Sacred Heart,St Louis,0.1550481416776601
Sacred Heart,Tennessee,0.007622896158097413
Sacred Heart,Washington St,0.011349623753330226
Monmouth NJ,Sacred Heart,0.5975945763550113
Sacred Heart,Toledo,0.06855642465216172
FL Gulf Coast,Sacred Heart,0.9515667646625412
Oklahoma St,Sacred Heart,0.9756311895624059
Purdue,Sacred Heart,0.9441585066086805
Cleveland St,Sacred Heart,0.9064111855757374
Sacred Heart,Villanova,0.00725019640748586
Sacred Heart,USC,0.02908285036850995
Miami FL,Sacred Heart,0.9731426701036607
Sacred Heart,Utah,0.006240204647488927
Connecticut,Iowa,0.5575783685783146
Iowa,Princeton,0.9516334782155449
Iowa,Virginia Tech,0.5086760080734645
Iowa,NC State,0.8149269177644978
Iowa,Ohio St,0.5963490885279521
Iowa,S Dakota St,0.8234350657836652
Iowa,Vermont,0.9923364948191336
Gardner Webb,Iowa,0.011729275205290757
Chattanooga,Iowa,0.005203421918761109
Iowa,Iowa St,0.7020623220487702
Iowa,Tennessee Tech,0.9937225220567554
Indiana,Iowa,0.5389312231689332
Iowa,St John's,0.9478078950452404
Iowa,James Madison,0.9829409984477028
Iowa,North Carolina,0.7706442162419108
Iowa,UNLV,0.9488480182992161
Hawaii,Iowa,0.010226841013347933
Iowa,LSU,0.5988469078649448
Alabama,Iowa,0.07139849406670958
Iowa,Michigan,0.7817562131309288
Baylor,Iowa,0.19670493083583956
Iowa,St Louis,0.9792702194296581
Iowa,Tennessee,0.6641477843764588
Iowa,Washington St,0.7471791995031455
Iowa,Monmouth NJ,0.9942644969997569
Iowa,Toledo,0.9498698228536138
FL Gulf Coast,Iowa,0.0709058802956162
Iowa,Oklahoma St,0.8654134275704186
Iowa,Purdue,0.9383704539881729
Cleveland St,Iowa,0.03625679388603777
Iowa,Villanova,0.6527910105274318
Iowa,USC,0.8852066736852026
Iowa,Miami FL,0.8766182446160019
Iowa,Utah,0.6178181762344684
Connecticut,Florida St,0.8395414662524092
Florida St,Princeton,0.8257630173396536
Florida St,Virginia Tech,0.19960369978455006
Florida St,NC State,0.5147125153618992
Florida St,Ohio St,0.26246325762669054
Florida St,S Dakota St,0.5290461072877906
Florida St,Vermont,0.9689348928604281
Florida St,Gardner Webb,0.9530412309966386
Chattanooga,Florida St,0.02125370549153332
Florida St,Iowa St,0.3620811440109856
Florida St,Tennessee Tech,0.9744443533863415
Florida St,Indiana,0.1708632831830057
Florida St,St John's,0.8139282712499573
Florida St,James Madison,0.9327920334780226
Florida St,North Carolina,0.4473142456623361
Florida St,UNLV,0.817121650128757
Florida St,Hawaii,0.9588684905303351
Florida St,LSU,0.26447890227080817
Alabama,Florida St,0.2419675950020174
Florida St,Michigan,0.46317918357097787
Baylor,Florida St,0.5041157281613241
Florida St,St Louis,0.9192170006713887
Florida St,Tennessee,0.32264406601742046
Florida St,Washington St,0.4158443384426138
Florida St,Monmouth NJ,0.9766115624919608
Florida St,Toledo,0.820276391686239
FL Gulf Coast,Florida St,0.24060306265767514
Florida St,Oklahoma St,0.6076677219951881
Florida St,Purdue,0.7857546628338921
Cleveland St,Florida St,0.13508611330636103
Florida St,Villanova,0.3117071154129607
Florida St,USC,0.6500382175201733
Florida St,Miami FL,0.6311859105205316
Florida St,Utah,0.2802578663805834
Connecticut,Creighton,0.744027472121223
Creighton,Princeton,0.895078969339376
Creighton,Virginia Tech,0.3098200753517862
Creighton,NC State,0.6562618146566931
Creighton,Ohio St,0.3904568395264921
Creighton,S Dakota St,0.6691023387318513
Creighton,Vermont,0.9825004334131514
Creighton,Gardner Webb,0.9733563832970653
Chattanooga,Creighton,0.011919909497303033
Creighton,Iowa St,0.5053672274974937
Creighton,Tennessee Tech,0.9856396743263999
Creighton,Indiana,0.27057467943002583
Creighton,St John's,0.8873098761109678
Creighton,James Madison,0.9615135700750994
Creighton,North Carolina,0.5929765994023593
Creighton,UNLV,0.8894149804904818
Creighton,Hawaii,0.9767242411561826
Creighton,LSU,0.3929317578332893
Alabama,Creighton,0.1506215040246141
Creighton,Michigan,0.6083214832614542
Baylor,Creighton,0.3609255625389608
Creighton,St Louis,0.9534503632454121
Creighton,Tennessee,0.46161700238911185
Creighton,Washington St,0.5616733381228288
Creighton,Monmouth NJ,0.9868702729849183
Creighton,Toledo,0.8914882377582151
Creighton,FL Gulf Coast,0.8503296088639731
Creighton,Oklahoma St,0.7360098242650774
Creighton,Purdue,0.8684514044801603
Cleveland St,Creighton,0.07983948242603923
Creighton,Villanova,0.44909252095032814
Creighton,USC,0.7697711919324203
Creighton,Miami FL,0.7549372321494402
Creighton,Utah,0.4120807251331776
Arizona,Connecticut,0.15496438747409613
Arizona,Princeton,0.8197313407996601
Arizona,Virginia Tech,0.19307746312277374
Arizona,NC State,0.5043758714413151
Arizona,Ohio St,0.25453536154936446
Arizona,S Dakota St,0.5187292996646885
Arizona,Vermont,0.9676654176093897
Arizona,Gardner Webb,0.9511550031049097
Arizona,Chattanooga,0.977868604158701
Arizona,Iowa St,0.3525826971507973
Arizona,Tennessee Tech,0.9733938399058821
Arizona,Indiana,0.1650829286718573
Arizona,St John's,0.8075823689181398
Arizona,James Madison,0.9301520520836325
Arizona,North Carolina,0.43711196819771736
Arizona,UNLV,0.8108593484598698
Arizona,Hawaii,0.957205820224352
Arizona,LSU,0.2565112972993908
Alabama,Arizona,0.24963513168740636
Arizona,Michigan,0.4529115836309604
Arizona,Baylor,0.4855474253831766
Arizona,St Louis,0.9160917482009678
Arizona,Tennessee,0.31367146986429584
Arizona,Washington St,0.4058327757586081
Arizona,Monmouth NJ,0.9756479099086559
Arizona,Toledo,0.8140975405193663
Arizona,FL Gulf Coast,0.7517584801468127
Arizona,Oklahoma St,0.5977637416275305
Arizona,Purdue,0.7787091466496292
Arizona,Cleveland St,0.8600077546137148
Arizona,Villanova,0.30290265939131933
Arizona,USC,0.6405711782995843
Arizona,Miami FL,0.6215058321308191
Arizona,Utah,0.27199069139361315
Connecticut,CS Sacramento,0.9839767236585885
CS Sacramento,Princeton,0.28764526628184817
CS Sacramento,Virginia Tech,0.02080550714630556
CS Sacramento,NC State,0.0828778803090097
CS Sacramento,Ohio St,0.029427848386911846
CS Sacramento,S Dakota St,0.0873504241675169
CS Sacramento,Vermont,0.7265865913490626
CS Sacramento,Gardner Webb,0.633589903523352
Chattanooga,CS Sacramento,0.2031046961984821
CS Sacramento,Iowa St,0.046129192951263845
CS Sacramento,Tennessee Tech,0.7646365362119703
CS Sacramento,Indiana,0.017254777778707747
CS Sacramento,St John's,0.27150514310260765
CS Sacramento,James Madison,0.5418148546207627
CS Sacramento,North Carolina,0.06450894337494996
CS Sacramento,UNLV,0.27572389744489423
CS Sacramento,Hawaii,0.6651299665636256
CS Sacramento,LSU,0.029725976707539476
Alabama,CS Sacramento,0.7893176294521131
CS Sacramento,Michigan,0.0684791108376529
Baylor,CS Sacramento,0.9226709354691462
CS Sacramento,St Louis,0.4922546680326886
CS Sacramento,Tennessee,0.03900097972653749
CS Sacramento,Washington St,0.057184055351857596
CS Sacramento,Monmouth NJ,0.780589967007251
CS Sacramento,Toledo,0.2799885704700267
CS Sacramento,FL Gulf Coast,0.21192456874976917
CS Sacramento,Oklahoma St,0.11658026894130079
CS Sacramento,Purdue,0.23808329041320395
Cleveland St,CS Sacramento,0.6470328313254063
CS Sacramento,Villanova,0.037151571729044756
CS Sacramento,USC,0.13663407055437035
CS Sacramento,Miami FL,0.1272570806183328
CS Sacramento,Utah,0.032110888193365925
Connecticut,Norfolk St,0.9955649284602216
Norfolk St,Princeton,0.09947650285542377
Norfolk St,Virginia Tech,0.01
NC State,Norfolk St,0.9758748438603935
Norfolk St,Ohio St,0.008226361445844748
Norfolk St,S Dakota St,0.02551529146061711
Norfolk St,Vermont,0.42095991458020215
Gardner Webb,Norfolk St,0.678864429681219
Chattanooga,Norfolk St,0.4823086571149665
Iowa St,Norfolk St,0.9869430145674468
Norfolk St,Tennessee Tech,0.4705498376308598
Indiana,Norfolk St,0.99
Norfolk St,St John's,0.092523393321733
James Madison,Norfolk St,0.7555722777092937
Norfolk St,North Carolina,0.018515200086903594
Norfolk St,UNLV,0.0943211371431481
Hawaii,Norfolk St,0.6479332350852078
LSU,Norfolk St,0.9916884593915751
Alabama,Norfolk St,0.9319492085839967
Michigan,Norfolk St,0.9802856393172813
Baylor,Norfolk St,0.9775861985349058
Norfolk St,St Louis,0.20962445299406046
Norfolk St,Tennessee,0.010980496329416308
Norfolk St,Washington St,0.01632171018682037
Monmouth NJ,Norfolk St,0.5067743518704279
Norfolk St,Toledo,0.0961525072691839
FL Gulf Coast,Norfolk St,0.9314749673848985
Norfolk St,Oklahoma St,0.0348433813553322
Norfolk St,Purdue,0.07875215484704073
Cleveland St,Norfolk St,0.8701435719332642
Norfolk St,Villanova,0.010445364186959826
Norfolk St,USC,0.041497496334144686
Miami FL,Norfolk St,0.961640502304531
Norfolk St,Utah,0.0089943008302953
Connecticut,Georgia,0.9257220581553789
Georgia,Princeton,0.6655111385610575
Georgia,Virginia Tech,0.09477200570815958
Georgia,NC State,0.3080881464303758
Georgia,Ohio St,0.12997899467594692
Georgia,S Dakota St,0.32046747680752913
Georgia,Vermont,0.9290490337011563
Gardner Webb,Georgia,0.10503899229321602
Chattanooga,Georgia,0.04918169371604947
Georgia,Iowa St,0.19243230724295923
Georgia,Tennessee Tech,0.9412030784284701
Georgia,Indiana,0.07962441768818307
Georgia,St John's,0.6474388607968684
Georgia,James Madison,0.8535163391575903
Georgia,North Carolina,0.25360672156829867
Georgia,UNLV,0.6522688304812784
Georgia,Hawaii,0.9072945393865138
Georgia,LSU,0.13115813158537526
Alabama,Georgia,0.4319296272671516
Georgia,Michigan,0.2659068105674268
Baylor,Georgia,0.7077337943272309
Georgia,St Louis,0.8269002410814427
Georgia,Tennessee,0.16664598534731093
Georgia,Washington St,0.23009122397887458
Georgia,Monmouth NJ,0.9460331439405268
Georgia,Toledo,0.6570738937877824
FL Gulf Coast,Georgia,0.43010166102567293
Georgia,Oklahoma St,0.3940259012223935
Georgia,Purdue,0.6062516405397105
Cleveland St,Georgia,0.2711535514253535
Georgia,Villanova,0.15974989857054248
Georgia,USC,0.43813550111350974
Georgia,Miami FL,0.41808687072206707
Georgia,Utah,0.14050250881231618
Connecticut,UCLA,0.7493403244768742
Princeton,UCLA,0.10758839327937396
UCLA,Virginia Tech,0.3038460073872059
NC State,UCLA,0.35010214163330533
Ohio St,UCLA,0.6162074718485577
S Dakota St,UCLA,0.3371460187585221
UCLA,Vermont,0.9820108824655505
Gardner Webb,UCLA,0.027381843578898588
Chattanooga,UCLA,0.01225531637298857
Iowa St,UCLA,0.5016548788252152
Tennessee Tech,UCLA,0.01476337587181287
Indiana,UCLA,0.734933275137203
St John's,UCLA,0.11552950382510958
James Madison,UCLA,0.039539461649622694
North Carolina,UCLA,0.413820201185192
UCLA,UNLV,0.8866218640698168
Hawaii,UCLA,0.023922964413994486
LSU,UCLA,0.6137480278141073
Alabama,UCLA,0.15425047125666044
Michigan,UCLA,0.3983912317740808
Baylor,UCLA,0.3674295670385476
St Louis,UCLA,0.04781231633820498
Tennessee,UCLA,0.5453559571231865
UCLA,Washington St,0.5547463153290126
Monmouth NJ,UCLA,0.013498711118230427
Toledo,UCLA,0.11125906361722394
FL Gulf Coast,UCLA,0.153280578298074
Oklahoma St,UCLA,0.2694839627939531
Purdue,UCLA,0.1347909580169975
Cleveland St,UCLA,0.08192757120838944
UCLA,Villanova,0.442153376683105
UCLA,USC,0.7647554343403219
Miami FL,UCLA,0.25029661587565044
UCLA,Utah,0.4052927408777531
Connecticut,Gonzaga,0.8975956039470677
Gonzaga,Princeton,0.7388349186079949
Gonzaga,Virginia Tech,0.12957262870305392
Gonzaga,NC State,0.3876733867700608
Gonzaga,Ohio St,0.1752055302522076
Gonzaga,S Dakota St,0.40139540374443433
Gonzaga,Vermont,0.9490270648355806
Gardner Webb,Gonzaga,0.07625038948190536
Chattanooga,Gonzaga,0.03510175480844105
Gonzaga,Iowa St,0.25306866074212564
Gonzaga,Tennessee Tech,0.9579138621875052
Gonzaga,Indiana,0.10953584376611984
Gonzaga,St John's,0.7230758183971143
Gonzaga,James Madison,0.8922969239643432
Gonzaga,North Carolina,0.32574403506957555
Gonzaga,UNLV,0.7273060232931664
Gonzaga,Hawaii,0.9329560534043815
Gonzaga,LSU,0.1767116174497794
Alabama,Gonzaga,0.3484288288415756
Gonzaga,Michigan,0.3399493233436721
Baylor,Gonzaga,0.6300503829707945
Gonzaga,St Louis,0.8716677810157663
Gonzaga,Tennessee,0.22138441751317797
Gonzaga,Washington St,0.29821211622944815
Gonzaga,Monmouth NJ,0.9614274244995126
Gonzaga,Toledo,0.7315010213327452
FL Gulf Coast,Gonzaga,0.34673854788570246
Gonzaga,Oklahoma St,0.48039740651224655
Gonzaga,Purdue,0.686445390765684
Cleveland St,Gonzaga,0.20738710688133602
Gonzaga,Villanova,0.2128015867774107
Gonzaga,USC,0.5257864822135595
Gonzaga,Miami FL,0.5053343162326308
Gonzaga,Utah,0.1885969750248447
Connecticut,Louisville,0.7394111007673034
Louisville,Princeton,0.8973206102585284
Louisville,Virginia Tech,0.31499642740072914
Louisville,NC State,0.6616772055227036
Louisville,Ohio St,0.3962070335377047
Louisville,S Dakota St,0.6744157971543887
Louisville,Vermont,0.9829099739442819
Gardner Webb,Louisville,0.026025747558043853
Chattanooga,Louisville,0.011639402153367548
Iowa St,Louisville,0.48861007697664155
Louisville,Tennessee Tech,0.9859767961272605
Indiana,Louisville,0.7246430658217319
Louisville,St John's,0.8896970489305175
James Madison,Louisville,0.03760453458126594
Louisville,North Carolina,0.5987794598597688
Louisville,UNLV,0.8917629994658617
Hawaii,Louisville,0.022734166621513608
Louisville,LSU,0.39869455956558664
Alabama,Louisville,0.14756444099979707
Louisville,Michigan,0.6140479652972259
Baylor,Louisville,0.3553860288151155
Louisville,St Louis,0.9545082808674941
Louisville,Tennessee,0.4676112145284844
Louisville,Washington St,0.5675970492482914
Louisville,Monmouth NJ,0.987178881146216
Louisville,Toledo,0.8937974922810568
FL Gulf Coast,Louisville,0.14662929971673427
Louisville,Oklahoma St,0.7406653167292381
Louisville,Purdue,0.871180068100825
Cleveland St,Louisville,0.07808696023757995
Louisville,Villanova,0.4550615635388436
Louisville,USC,0.7740141075634239
Louisville,Miami FL,0.759368066549356
Louisville,Utah,0.4179310255218504
Connecticut,MTSU,0.9435780858206098
MTSU,Princeton,0.5972188609681056
MTSU,Virginia Tech,0.07237448745834234
MTSU,NC State,0.24915311560703685
MTSU,Ohio St,0.10018182050969733
MTSU,S Dakota St,0.2600544089400752
MTSU,Vermont,0.907047905025202
Gardner Webb,MTSU,0.13606238922842487
Chattanooga,MTSU,0.06490399464288595
Iowa St,MTSU,0.849200467252331
MTSU,Tennessee Tech,0.9226570335244467
Indiana,MTSU,0.9394327837141301
MTSU,St John's,0.5777976041212473
James Madison,MTSU,0.18718755420648697
MTSU,North Carolina,0.20205021723756414
MTSU,UNLV,0.5829670986103425
Hawaii,MTSU,0.12057691301202354
LSU,MTSU,0.8988779368134259
Alabama,MTSU,0.5050195441057738
Michigan,MTSU,0.7874381047918898
Baylor,MTSU,0.7646715970180566
MTSU,St Louis,0.7807007208803999
MTSU,Tennessee,0.12969611485913332
MTSU,Washington St,0.18214862363536552
Monmouth NJ,MTSU,0.07110447223858246
MTSU,Toledo,0.5881250983157115
FL Gulf Coast,MTSU,0.5031562310870116
MTSU,Oklahoma St,0.32640676295763926
MTSU,Purdue,0.5343263286874865
Cleveland St,MTSU,0.3329847261491433
MTSU,Villanova,0.12410137237934343
MTSU,USC,0.3675378727763969
Miami FL,MTSU,0.6512852399124627
MTSU,Utah,0.10859397972978123
Connecticut,Texas,0.6878474263916402
Princeton,Texas,0.08161251035263375
Texas,Virginia Tech,0.3719108997754104
NC State,Texas,0.28422241325721365
Ohio St,Texas,0.5420155481807054
S Dakota St,Texas,0.27268135953774886
Texas,Vermont,0.9866770877368076
Gardner Webb,Texas,0.020329693150599716
Chattanooga,Texas,0.009062678583155355
Iowa St,Texas,0.4259480260713973
Tennessee Tech,Texas,0.010924588835526406
Indiana,Texas,0.6714556171823269
St John's,Texas,0.08782502406111009
James Madison,Texas,0.029450948164275844
North Carolina,Texas,0.34226493154583437
Texas,UNLV,0.9138606810670696
Hawaii,Texas,0.017745389687992327
LSU,Texas,0.5394360157473879
Alabama,Texas,0.11850463428691876
Michigan,Texas,0.3280109674049469
Baylor,Texas,0.2997933568414935
St Louis,Texas,0.035691419561940864
Tennessee,Texas,0.4692642472294219
Texas,Washington St,0.6282902343480936
Monmouth NJ,Texas,0.009985430608252193
Texas,Toledo,0.9155191607352419
FL Gulf Coast,Texas,0.11772821643992207
Oklahoma St,Texas,0.21378416079682222
Purdue,Texas,0.10300542384372308
Cleveland St,Texas,0.0617186989428738
Texas,Villanova,0.5181407629163977
Texas,USC,0.8151688486951679
Miami FL,Texas,0.19749051653304836
Texas,Utah,0.48040066869153647
Connecticut,SE Louisiana,0.9952872099193762
Princeton,SE Louisiana,0.8949225460498621
SE Louisiana,Virginia Tech,0.006140412550603735
NC State,SE Louisiana,0.9743958669700261
Ohio St,SE Louisiana,0.9912605982868884
S Dakota St,SE Louisiana,0.9729228749089479
SE Louisiana,Vermont,0.4358999860523045
Gardner Webb,SE Louisiana,0.6654200697746369
Chattanooga,SE Louisiana,0.46709505702625426
Iowa St,SE Louisiana,0.9861329228349831
SE Louisiana,Tennessee Tech,0.48577338969285627
Indiana,SE Louisiana,0.9949205114144409
SE Louisiana,St John's,0.09777536115337787
James Madison,SE Louisiana,0.7441288942468376
North Carolina,SE Louisiana,0.9803428101791616
SE Louisiana,UNLV,0.09966394422229811
Hawaii,SE Louisiana,0.6338922906212293
LSU,SE Louisiana,0.9911701541875872
Alabama,SE Louisiana,0.9279761422756361
Michigan,SE Louisiana,0.9790712642998991
Baylor,SE Louisiana,0.9762095774821854
SE Louisiana,St Louis,0.21991269040049743
SE Louisiana,Tennessee,0.011663279368871281
SE Louisiana,Washington St,0.017330797693442087
Monmouth NJ,SE Louisiana,0.4915217404555582
SE Louisiana,Toledo,0.10158741608104556
FL Gulf Coast,SE Louisiana,0.9274763677180259
Oklahoma St,SE Louisiana,0.963045450131363
Purdue,SE Louisiana,0.9167058333033483
Cleveland St,SE Louisiana,0.8630921542009519
SE Louisiana,Villanova,0.011095245237307943
SE Louisiana,USC,0.04399346184341901
Miami FL,SE Louisiana,0.9593252697625687
SE Louisiana,Utah,0.0095547725384695
Colorado,Connecticut,0.18621390586925232
Colorado,Princeton,0.8501668522029551
Colorado,Virginia Tech,0.22992154324757322
Colorado,NC State,0.5594390708319127
Colorado,Ohio St,0.2987649502726108
Colorado,S Dakota St,0.5735461388887928
Colorado,Vermont,0.9739192525479858
Colorado,Gardner Webb,0.9604716761674278
Chattanooga,Colorado,0.017814630174426457
Colorado,Iowa St,0.4046025507469568
Colorado,Tennessee Tech,0.9785642830552866
Colorado,Indiana,0.19789506544829283
Colorado,St John's,0.8396678530799881
Colorado,James Madison,0.9432357378677824
Colorado,North Carolina,0.4921232985995919
Colorado,UNLV,0.8425049646517896
Colorado,Hawaii,0.9654103341639524
Colorado,LSU,0.3009456251692147
Alabama,Colorado,0.21049552022029538
Colorado,Michigan,0.5081163956312343
Baylor,Colorado,0.459202024122182
Colorado,St Louis,0.9316155325354044
Colorado,Tennessee,0.3631707815968812
Colorado,Washington St,0.4601254386319311
Colorado,Monmouth NJ,0.9803891389969707
Colorado,Toledo,0.8453047287926794
Colorado,FL Gulf Coast,0.7907405257981992
Colorado,Oklahoma St,0.6496583771621438
Colorado,Purdue,0.8145033365884572
Cleveland St,Colorado,0.11539947941058927
Colorado,Villanova,0.35157309915274204
Colorado,USC,0.6898088939325692
Colorado,Miami FL,0.6720180373413854
Colorado,Utah,0.31795970994780065
Connecticut,Mississippi,0.8694314665208239
Mississippi,Princeton,0.7883103451998887
Mississippi,Virginia Tech,0.16384487920198787
Mississippi,NC State,0.4545622315493502
Mississippi,Ohio St,0.21851765424928013
Mississippi,S Dakota St,0.4688390489516786
Mississippi,Vermont,0.9607962982188263
Gardner Webb,Mississippi,0.05900768622973689
Chattanooga,Mississippi,0.02689320295490522
Iowa St,Mississippi,0.6915687696096458
Mississippi,Tennessee Tech,0.967701040313642
Indiana,Mississippi,0.86064317780688
Mississippi,St John's,0.7746259952670154
James Madison,Mississippi,0.08399461603426174
Mississippi,North Carolina,0.38873108693792113
Mississippi,UNLV,0.7783101669813071
Hawaii,Mississippi,0.05176645340509891
LSU,Mississippi,0.7797033853981888
Alabama,Mississippi,0.28888584172134035
Michigan,Mississippi,0.5959628066434436
Baylor,Mississippi,0.5640423493979045
Mississippi,St Louis,0.8994053491143494
Mississippi,Tennessee,0.27234288178987304
Mississippi,Washington St,0.3587077175838478
Mississippi,Monmouth NJ,0.9704227486535137
Mississippi,Toledo,0.7819557689017591
FL Gulf Coast,Mississippi,0.28735702278765735
Mississippi,Oklahoma St,0.5489423204583583
Mississippi,Purdue,0.7423850224168047
Cleveland St,Mississippi,0.16581305500934565
Mississippi,Villanova,0.2624503702257919
Mississippi,USC,0.5934114485847041
Miami FL,Mississippi,0.42648991316540674
Mississippi,Utah,0.23427924157384528
Connecticut,Mississippi St,0.9433390286737661
Mississippi St,Princeton,0.5982963810482428
Mississippi St,Virginia Tech,0.07267592903128249
Mississippi St,NC State,0.2499924172814637
Mississippi St,Ohio St,0.10058652164617042
Mississippi St,S Dakota St,0.26091767199002236
Mississippi St,Vermont,0.9074250512959146
Gardner Webb,Mississippi St,0.1355364632267502
Chattanooga,Mississippi St,0.064632542325221
Iowa St,Mississippi St,0.8486256864134877
Mississippi St,Tennessee Tech,0.9229762249453543
Indiana,Mississippi St,0.9391772952405935
Mississippi St,St John's,0.5788904450340462
James Madison,Mississippi St,0.18650667380310312
Mississippi St,North Carolina,0.20277369810920215
Mississippi St,UNLV,0.5840561912478534
Hawaii,Mississippi St,0.1201025223800128
LSU,Mississippi St,0.8984698659840238
Alabama,Mississippi St,0.5038992864829764
Michigan,Mississippi St,0.786687046706288
Baylor,Mississippi St,0.7638642195444466
Mississippi St,St Louis,0.7814670012827475
Mississippi St,Tennessee,0.130202791740885
Mississippi St,Washington St,0.1828171695514753
Mississippi St,Monmouth NJ,0.9291909490299699
Mississippi St,Toledo,0.589210212560131
FL Gulf Coast,Mississippi St,0.5020359145482839
Mississippi St,Oklahoma St,0.3273928307042751
Mississippi St,Purdue,0.535441222121918
Cleveland St,Mississippi St,0.3319901293358291
Mississippi St,Villanova,0.1245893214971687
Mississippi St,USC,0.36858020557310367
Miami FL,Mississippi St,0.6502667704664307
Mississippi St,Utah,0.10902854563754236
Connecticut,East Carolina,0.9832520582309103
East Carolina,Princeton,0.2969470581294767
East Carolina,Virginia Tech,0.021741673902402132
East Carolina,NC State,0.08636073013322036
East Carolina,Ohio St,0.03073980732371415
East Carolina,S Dakota St,0.09100257769163878
East Carolina,Vermont,0.7354286136835807
East Carolina,Gardner Webb,0.6439656999704224
Chattanooga,East Carolina,0.19592330282701706
East Carolina,Iowa St,0.048148797197646975
East Carolina,Tennessee Tech,0.7726331041980959
East Carolina,Indiana,0.01803411806138666
East Carolina,St John's,0.2804905126079499
East Carolina,James Madison,0.5529558170929562
East Carolina,North Carolina,0.06727648530750956
East Carolina,UNLV,0.2847943034935448
East Carolina,Hawaii,0.675070662624857
East Carolina,LSU,0.031050801651643894
Alabama,East Carolina,0.7817420989282918
East Carolina,Michigan,0.07140397894290625
Baylor,East Carolina,0.9194007756511146
East Carolina,St Louis,0.503496409473572
East Carolina,Tennessee,0.04072182346896894
East Carolina,Washington St,0.059657387394223396
East Carolina,Monmouth NJ,0.7881946522225063
East Carolina,Toledo,0.28914326258101164
East Carolina,FL Gulf Coast,0.21953234225406887
East Carolina,Oklahoma St,0.1212921132611893
East Carolina,Purdue,0.24633659174411332
Cleveland St,East Carolina,0.6366959915981628
East Carolina,Villanova,0.03879410801140738
East Carolina,USC,0.14202612694495867
East Carolina,Miami FL,0.1323358089894262
East Carolina,Utah,0.033538329659997014
Connecticut,Portland,0.9703066099147879
Portland,Princeton,0.4314406258961006
Portland,Virginia Tech,0.03839633314531607
NC State,Portland,0.854830388186636
Ohio St,Portland,0.9460925718461539
Portland,S Dakota St,0.15244498923640804
Portland,Vermont,0.8331675649740823
Gardner Webb,Portland,0.23531825138001533
Chattanooga,Portland,0.11942633254856731
Iowa St,Portland,0.9166907113845687
Portland,Tennessee Tech,0.8592581195204362
Indiana,Portland,0.9680585696956822
Portland,St John's,0.41189735306817
James Madison,Portland,0.31034151942428545
North Carolina,Portland,0.8852785736870167
Portland,UNLV,0.4170487293592073
Hawaii,Portland,0.211299162767947
LSU,Portland,0.9455603555264613
Alabama,Portland,0.665954693686792
Michigan,Portland,0.878619076111375
Baylor,Portland,0.8639309791284335
Portland,St Louis,0.6456307620371698
Portland,Tennessee,0.0708625586391412
Portland,Washington St,0.1023185928900846
Monmouth NJ,Portland,0.1301107513420222
Portland,Toledo,0.42222500606232827
FL Gulf Coast,Portland,0.6642944916712223
Oklahoma St,Portland,0.8012855074307834
Portland,Purdue,0.3699702330364571
Cleveland St,Portland,0.4937877783974362
Portland,Villanova,0.06760858233997746
Portland,USC,0.22923070994024272
Miami FL,Portland,0.7849179453815006
Portland,Utah,0.05868740162035315
Connecticut,Oklahoma,0.792738036312927
Oklahoma,Princeton,0.8663659730578723
Oklahoma,Virginia Tech,0.2543657384487381
NC State,Oklahoma,0.4080148285439456
Ohio St,Oklahoma,0.6725836290789147
Oklahoma,S Dakota St,0.6057844535333011
Oklahoma,Vermont,0.9770993535584777
Gardner Webb,Oklahoma,0.03476705514155228
Chattanooga,Oklahoma,0.015626269097400915
Iowa St,Oklahoma,0.5629225731763942
Oklahoma,Tennessee Tech,0.981188941610935
Indiana,Oklahoma,0.7800933275498766
Oklahoma,St John's,0.8568108892097495
James Madison,Oklahoma,0.05003504196963762
North Carolina,Oklahoma,0.47457624799550185
Oklahoma,UNLV,0.8593954477857818
Hawaii,Oklahoma,0.030404437657848227
LSU,Oklahoma,0.6702921555387308
Alabama,Oklahoma,0.18919745684854095
Michigan,Oklahoma,0.45865446763206386
Baylor,Oklahoma,0.4263282623645048
Oklahoma,St Louis,0.9396341299097534
Oklahoma,Tennessee,0.3945237205052121
Oklahoma,Washington St,0.4933640211286362
Monmouth NJ,Oklahoma,0.017205715033843508
Oklahoma,Toledo,0.8619441540726428
FL Gulf Coast,Oklahoma,0.1880566850135591
Oklahoma,Oklahoma St,0.6793595484444849
Oklahoma,Purdue,0.8338044547021864
Cleveland St,Oklahoma,0.10247441118864214
Oklahoma,Villanova,0.3825262157033891
Oklahoma,USC,0.7175858972981572
Miami FL,Oklahoma,0.29930307332301886
Oklahoma,Utah,0.3475395945706689
Connecticut,Duke,0.7317105979166518
Duke,Princeton,0.9009114414028603
Duke,Virginia Tech,0.32360106086623364
Duke,NC State,0.670482590882436
Duke,Ohio St,0.40571614508764403
Duke,S Dakota St,0.6830484532352711
Duke,Vermont,0.9835624645652279
Duke,Gardner Webb,0.9749592139595478
Chattanooga,Duke,0.011192644538007284
Duke,Iowa St,0.5212768298870565
Duke,Tennessee Tech,0.9865138032130445
Duke,Indiana,0.2833266185331641
Duke,St John's,0.8935228501130408
Duke,James Madison,0.9638023478290892
Duke,North Carolina,0.6082526614269886
Duke,UNLV,0.8955255586143918
Duke,Hawaii,0.9781290201675296
Duke,LSU,0.4082230085781516
Alabama,Duke,0.1426534660886722
Duke,Michigan,0.6233874080083097
Baylor,Duke,0.3463690181794979
Duke,St Louis,0.9561968126627809
Duke,Tennessee,0.4774788393843172
Duke,Washington St,0.5772867381024537
Duke,Monmouth NJ,0.9876704310101511
Duke,Toledo,0.8974974571502987
Duke,FL Gulf Coast,0.8582557284626405
Duke,Oklahoma St,0.7481972473523126
Duke,Purdue,0.8755582896224908
Cleveland St,Duke,0.07528400288612738
Duke,Villanova,0.4648956153840003
Duke,USC,0.7808640410483816
Duke,Miami FL,0.7665280316271436
Duke,Utah,0.42759228881052413
Connecticut,Notre Dame,0.6302157642842339
Notre Dame,Princeton,0.935690009839829
Notre Dame,Virginia Tech,0.43362032855840343
NC State,Notre Dame,0.2349542508422811
Notre Dame,Ohio St,0.5221038228180443
Notre Dame,S Dakota St,0.7752145002267952
Notre Dame,Vermont,0.98966458718434
Gardner Webb,Notre Dame,0.015796162953291736
Chattanooga,Notre Dame,0.007023683854140876
Iowa St,Notre Dame,0.3646275332477669
Notre Dame,Tennessee Tech,0.9915297328113307
Indiana,Notre Dame,0.6125024875020532
Notre Dame,St John's,0.930695206542859
James Madison,Notre Dame,0.022930984762784223
North Carolina,Notre Dame,0.28696923850944733
Notre Dame,UNLV,0.9320519155720207
Hawaii,Notre Dame,0.013780054005860349
LSU,Notre Dame,0.47530510405243276
Alabama,Notre Dame,0.09418278805331812
Michigan,Notre Dame,0.2740585920742669
Baylor,Notre Dame,0.24876413395573171
Notre Dame,St Louis,0.9721704689636168
Notre Dame,Tennessee,0.593880490047897
Notre Dame,Washington St,0.6860725075112558
Monmouth NJ,Notre Dame,0.0077404493427725264
Notre Dame,Toledo,0.9333856815409413
FL Gulf Coast,Notre Dame,0.0935488106905643
Notre Dame,Oklahoma St,0.8262380768204645
Notre Dame,Purdue,0.9184297329118187
Cleveland St,Notre Dame,0.04841150208006277
Notre Dame,Villanova,0.5816443631634308
Notre Dame,USC,0.850799437413554
Miami FL,Notre Dame,0.15989822650613988
Notre Dame,Utah,0.5445056218143683
